PLAYER,TEAM,EFF,8+D%,TLOS,ATT,YDS,AVG,TD,Season,Week
DeAngelo Williams,PIT,3.31,34.62,2.84,26,143,5.5,2,2016,1
Lamar Miller,HOU,4.18,17.86,2.24,28,106,3.8,0,2016,1
Matt Forte,NYJ,3.6,4.55,2.64,22,96,4.4,0,2016,1
C.J. Anderson,DEN,3.69,20,2.6,20,92,4.6,1,2016,1
Danny Woodhead,LAC,2.62,--,2.44,16,89,5.6,0,2016,1
David Johnson,ARI,3.11,43.75,2.62,16,89,5.6,1,2016,1
Carlos Hyde,SF,4.3,8.7,2.74,23,88,3.8,2,2016,1
Ryan Mathews,PHI,4.94,13.64,2.57,22,77,3.5,1,2016,1
Rashad Jennings,NYG,3.69,11.11,2.57,18,75,4.2,0,2016,1
Spencer Ware,KC,3.52,--,3.05,11,70,6.4,1,2016,1
LeGarrette Blount,NE,4.78,22.73,2.77,22,70,3.2,1,2016,1
Christine Michael,SEA,3.86,6.67,2.12,15,66,4.4,0,2016,1
Jonathan Stewart,CAR,3.69,60,2.59,15,64,4.3,0,2016,1
Ameer Abdullah,DET,4.16,--,2.92,12,63,5.3,0,2016,1
Doug Martin,TB,4.39,16.67,2.6,18,62,3.4,0,2016,1
Isaiah Crowell,CLE,3.4,25,2.59,12,62,5.2,1,2016,1
Eddie Lacy,GB,3.94,--,2.45,14,61,4.4,0,2016,1
Frank Gore,IND,3.34,--,2.03,14,59,4.2,0,2016,1
Latavius Murray,OAK,3.51,14.29,2.15,14,59,4.2,1,2016,1
LeSean McCoy,BUF,5.54,31.25,2.91,16,58,3.6,1,2016,1
Mark Ingram,NO,3.34,--,2.03,12,58,4.8,0,2016,1
Jeremy Langford,CHI,4.97,29.41,2.56,17,57,3.4,1,2016,1
Melvin Gordon,LAC,3.71,50,2.34,14,57,4.1,2,2016,1
Ezekiel Elliott,DAL,5.61,10,2.8,20,51,2.6,1,2016,1
Todd Gurley,LAR,6.48,29.41,3.12,17,47,2.8,0,2016,1
DeMarco Murray,TEN,5.16,30.77,2.69,13,42,3.2,0,2016,1
Justin Forsett,BAL,4.39,10,2.95,10,41,4.1,0,2016,1
T.J. Yeldon,JAX,7.38,4.76,2.36,21,39,1.9,1,2016,1
Arian Foster,MIA,6.1,15.38,2.59,13,38,2.9,0,2016,1
Terrance West,BAL,5.88,33.33,3.03,12,32,2.7,0,2016,1
Thomas Rawls,SEA,5.48,16.67,2.42,12,32,2.7,0,2016,1
Adrian Peterson,MIN,8.3,42.11,2.34,19,31,1.6,0,2016,1
Devonta Freeman,ATL,9.67,27.27,2.6,11,20,1.8,0,2016,1
Isaiah Crowell,CLE,2.76,38.89,3.04,18,133,7.4,1,2016,2
LeGarrette Blount,NE,3.72,44.83,2.77,29,123,4.2,1,2016,2
Melvin Gordon,LAC,3.94,12.5,2.41,24,102,4.3,1,2016,2
Matt Forte,NYJ,4.58,3.33,2.81,30,100,3.3,3,2016,2
Fozzy Whittaker,CAR,3.22,25,3.09,16,100,6.3,0,2016,2
DeAngelo Williams,PIT,6.06,21.88,3.19,32,94,2.9,0,2016,2
Devonta Freeman,ATL,3.29,76.47,2.97,17,93,5.5,0,2016,2
DeMarco Murray,TEN,2.75,41.67,2.47,12,89,7.4,0,2016,2
Ezekiel Elliott,DAL,4.21,23.81,2.53,21,83,4,1,2016,2
Lamar Miller,HOU,4.18,16.67,2.55,24,77,3.2,0,2016,2
C.J. Anderson,DEN,4.41,35,2.39,20,74,3.7,1,2016,2
Matt Jones,WAS,3.87,--,2.74,13,61,4.7,1,2016,2
Christine Michael,SEA,3.31,20,2.34,10,60,6,0,2016,2
LeSean McCoy,BUF,4.48,6.67,2.74,15,59,3.9,0,2016,2
Spencer Ware,KC,4.16,20,2.58,10,57,5.7,0,2016,2
Chris Johnson,ARI,4.59,50,2.43,16,54,3.4,1,2016,2
Todd Gurley,LAR,5.52,63.16,2.48,19,51,2.7,0,2016,2
Eddie Lacy,GB,4.36,8.33,2.84,12,50,4.2,0,2016,2
Tevin Coleman,ATL,4.07,50,2.93,12,46,3.8,1,2016,2
David Johnson,ARI,5.03,8.33,3.16,12,45,3.8,0,2016,2
Frank Gore,IND,3.81,69.23,2.24,13,44,3.4,0,2016,2
Terrance West,BAL,4.69,9.09,2.87,11,42,3.8,0,2016,2
Shane Vereen,NYG,3.67,--,2.71,14,42,3,0,2016,2
Darren Sproles,PHI,5.42,--,2.99,12,40,3.3,0,2016,2
Justin Forsett,BAL,6.35,14.29,3.07,14,37,2.6,0,2016,2
Theo Riddick,DET,4.19,18.18,2.71,11,37,3.4,0,2016,2
Carlos Hyde,SF,7.54,--,3.26,14,34,2.4,0,2016,2
Jeremy Langford,CHI,5.72,18.18,2.41,11,28,2.5,1,2016,2
Rashad Jennings,NYG,5.82,16.67,2.53,12,26,2.2,0,2016,2
Jeremy Hill,CIN,6.51,18.18,2.65,11,22,2,0,2016,2
Adrian Peterson,MIN,8.34,41.67,2.64,12,19,1.6,0,2016,2
Devonta Freeman,ATL,2.75,7.14,2.65,14,152,10.9,0,2016,3
Ezekiel Elliott,DAL,4.16,50,2.76,30,140,4.7,0,2016,3
DeMarco Murray,TEN,3.06,25,2.84,16,114,7.1,1,2016,3
LeSean McCoy,BUF,3.43,35.29,2.65,17,110,6.5,2,2016,3
Christine Michael,SEA,3.65,5,2.44,20,106,5.3,2,2016,3
LeGarrette Blount,NE,3.18,41.67,2.37,24,105,4.4,2,2016,3
Eddie Lacy,GB,3.54,11.76,2.57,17,103,6.1,0,2016,3
Carlos Hyde,SF,3.55,42.86,2.38,21,103,4.9,2,2016,3
Jeremy Hill,CIN,3.03,35.29,2.58,17,97,5.7,2,2016,3
Todd Gurley,LAR,4.64,18.52,2.42,27,85,3.1,2,2016,3
David Johnson,ARI,4.17,26.32,2.6,19,83,4.4,2,2016,3
Frank Gore,IND,3.66,19.05,2.45,21,82,3.9,1,2016,3
Lamar Miller,HOU,3.87,4.76,2.34,21,80,3.8,0,2016,3
Wendell Smallwood,PHI,4.07,41.18,3.05,17,79,4.6,1,2016,3
Isaiah Crowell,CLE,3.07,46.67,2.64,15,79,5.3,0,2016,3
Mark Ingram,NO,3.1,6.67,2.2,15,77,5.1,0,2016,3
Spencer Ware,KC,4.97,20,2.55,20,75,3.8,0,2016,3
Duke Johnson,CLE,2.75,30,2.37,10,69,6.9,0,2016,3
Shane Vereen,NYG,2.39,--,2.63,11,67,6.1,1,2016,3
Matt Forte,NYJ,3.97,--,2.29,15,65,4.3,0,2016,3
Matt Jones,WAS,4.24,17.65,2.97,17,65,3.8,0,2016,3
Charles Sims,TB,4.16,46.15,2.6,13,55,4.2,1,2016,3
Orleans Darkwa,NYG,2.86,--,2.63,10,53,5.3,1,2016,3
Cameron Artis-Payne,CAR,4.05,8.33,2.91,12,47,3.9,0,2016,3
Terrance West,BAL,3.41,--,2.64,10,45,4.5,0,2016,3
Derrick Henry,TEN,3.88,40,2.51,10,45,4.5,0,2016,3
Jerick McKinnon,MIN,5.82,43.75,2.73,16,45,2.8,0,2016,3
Tevin Coleman,ATL,5.51,8.33,2.63,12,42,3.5,3,2016,3
Dwayne Washington,DET,5.36,30,3.13,10,38,3.8,0,2016,3
C.J. Anderson,DEN,5.35,14.29,2.97,14,37,2.6,0,2016,3
Latavius Murray,OAK,4.32,40,2.85,10,37,3.7,1,2016,3
Melvin Gordon,LAC,5.94,12.5,2.45,16,35,2.2,1,2016,3
Chris Ivory,JAX,12.87,8.33,3.33,12,14,1.2,0,2016,3
Theo Riddick,DET,14.51,10,2.75,10,9,0.9,0,2016,3
Le'Veon Bell,PIT,2.51,27.78,2.79,18,144,8,0,2016,4
Ezekiel Elliott,DAL,2.81,26.09,2.31,23,138,6,1,2016,4
Isaiah Crowell,CLE,2.62,62.5,2.75,16,120,7.5,1,2016,4
Matt Jones,WAS,3.82,40.91,3.15,22,117,5.3,1,2016,4
Terrance West,BAL,3.34,14.29,2.8,21,113,5.4,1,2016,4
Jordan Howard,CHI,3.96,4.35,2.7,23,111,4.8,0,2016,4
DeMarco Murray,TEN,4.59,40,3,25,95,3.8,2,2016,4
Jerick McKinnon,MIN,3.97,27.78,2.59,18,85,4.7,1,2016,4
David Johnson,ARI,3.72,29.41,2.7,17,83,4.9,0,2016,4
Spencer Ware,KC,3.11,--,2.87,13,82,6.3,0,2016,4
Lamar Miller,HOU,4.04,26.32,2.87,19,82,4.3,0,2016,4
Carlos Hyde,SF,3.93,13.33,2.65,15,74,4.9,1,2016,4
T.J. Yeldon,JAX,3.62,35.71,2.05,14,71,5.1,0,2016,4
Jeremy Hill,CIN,6.05,38.1,2.99,21,71,3.4,0,2016,4
LeSean McCoy,BUF,5.79,47.37,3.33,19,70,3.7,0,2016,4
Frank Gore,IND,3.64,37.5,2.11,16,68,4.3,1,2016,4
Christine Michael,SEA,5.72,27.78,2.64,18,58,3.2,0,2016,4
Devonta Freeman,ATL,4.08,23.08,2.59,13,57,4.4,1,2016,4
Mark Ingram,NO,5.19,5.56,2.47,18,56,3.1,1,2016,4
LeGarrette Blount,NE,4.06,30.77,2.71,13,54,4.2,0,2016,4
C.J. Anderson,DEN,5.59,21.05,2.46,19,49,2.6,1,2016,4
Orleans Darkwa,NYG,3.91,--,2.79,12,48,4,1,2016,4
Melvin Gordon,LAC,7.31,36.84,2.48,19,36,1.9,2,2016,4
Todd Gurley,LAR,7.08,52.63,2.57,19,33,1.7,0,2016,4
Theo Riddick,DET,5.49,--,2.89,11,31,2.8,0,2016,4
Charles Sims,TB,8.63,60,2.87,15,28,1.9,0,2016,4
Matt Forte,NYJ,6.8,28.57,2.56,14,27,1.9,0,2016,4
Giovani Bernard,CIN,7.76,10,2.88,10,18,1.8,0,2016,4
David Johnson,ARI,3.18,22.22,2.67,27,157,5.8,2,2016,5
LeSean McCoy,BUF,2.79,33.33,2.86,18,150,8.3,0,2016,5
Ezekiel Elliott,DAL,2.68,20,2.87,15,134,8.9,2,2016,5
DeMarco Murray,TEN,4.08,55.56,3.08,27,121,4.5,0,2016,5
Jordan Howard,CHI,3.02,25,2.91,16,118,7.4,0,2016,5
Jacquizz Rodgers,TB,4.72,3.33,2.81,30,101,3.4,0,2016,5
Terrance West,BAL,2.6,45.45,2.61,11,95,8.6,0,2016,5
Devonta Freeman,ATL,4.6,65.22,2.65,23,88,3.8,1,2016,5
Cameron Artis-Payne,CAR,3.74,22.22,2.77,18,85,4.7,2,2016,5
Eddie Lacy,GB,3.19,18.18,3.32,11,81,7.4,0,2016,5
Carlos Hyde,SF,4.17,--,2.54,22,78,3.5,1,2016,5
Frank Gore,IND,3,7.14,2.42,14,75,5.4,0,2016,5
Todd Gurley,LAR,4.89,17.39,2.51,23,72,3.1,1,2016,5
Melvin Gordon,LAC,4.11,37.5,2.96,16,69,4.3,0,2016,5
Le'Veon Bell,PIT,5.23,15,3.16,20,66,3.3,0,2016,5
Matt Asiata,MIN,3.18,35.71,1.93,14,55,3.9,1,2016,5
Matt Forte,NYJ,3.69,8.33,2.48,12,53,4.4,0,2016,5
Theo Riddick,DET,4.15,27.27,2.51,11,49,4.5,0,2016,5
Jay Ajayi,MIA,5.41,15.38,3.11,13,42,3.2,1,2016,5
Ryan Mathews,PHI,4.4,27.27,2.45,11,42,3.8,0,2016,5
C.J. Anderson,DEN,4.26,18.18,2.58,11,41,3.7,0,2016,5
LeGarrette Blount,NE,6.8,72.22,2.62,18,37,2.1,1,2016,5
Jerick McKinnon,MIN,8.36,35,2.66,20,36,1.8,0,2016,5
James Starks,GB,7.3,25,3.19,12,33,2.8,0,2016,5
Matt Jones,WAS,6.32,42.86,2.53,14,31,2.2,0,2016,5
Isaiah Crowell,CLE,8.65,7.69,2.38,13,22,1.7,0,2016,5
Jay Ajayi,MIA,2.9,32,2.72,25,204,8.2,2,2016,6
Ezekiel Elliott,DAL,3.34,57.14,2.67,28,157,5.6,0,2016,6
Lamar Miller,HOU,3.38,16.67,2.63,24,149,6.2,1,2016,6
LeSean McCoy,BUF,3.27,15.79,2.79,19,140,7.4,3,2016,6
Matt Jones,WAS,2.82,43.75,2.77,16,135,8.4,1,2016,6
Spencer Ware,KC,2.72,8.33,2.73,24,131,5.5,1,2016,6
David Johnson,ARI,2.38,31.82,2.88,22,111,5,3,2016,6
Frank Gore,IND,3.12,4.55,2.28,22,106,4.8,0,2016,6
Melvin Gordon,LAC,4.6,81.48,2.45,27,94,3.5,0,2016,6
Terrance West,BAL,4.51,34.78,2.76,23,87,3.8,2,2016,6
Jonathan Stewart,CAR,3.69,52.63,2.73,19,85,4.5,2,2016,6
Eddie Lacy,GB,5.12,17.65,2.69,17,65,3.8,0,2016,6
DeMarco Murray,TEN,5.82,33.33,2.76,21,65,3.1,1,2016,6
Christine Michael,SEA,4.67,38.89,2.91,18,64,3.6,2,2016,6
Zach Zenner,DET,4.28,28.57,2.62,14,58,4.1,0,2016,6
Todd Gurley,LAR,3.34,21.43,1.98,14,58,4.1,0,2016,6
Le'Veon Bell,PIT,3.44,10,2.95,10,53,5.3,0,2016,6
Carlos Hyde,SF,4.34,--,2.79,14,52,3.7,0,2016,6
Mark Ingram,NO,5.14,31.25,2.82,16,51,3.2,0,2016,6
LeGarrette Blount,NE,4.48,38.46,2.76,13,50,3.8,1,2016,6
DeAndre Washington,OAK,2.88,--,2.44,10,49,4.9,0,2016,6
Giovani Bernard,CIN,4.75,13.33,2.9,15,49,3.3,0,2016,6
Devonta Freeman,ATL,5.31,50,3.08,12,40,3.3,0,2016,6
Jeremy Hill,CIN,4.45,--,2.55,13,38,2.9,0,2016,6
C.J. Anderson,DEN,4.52,10,2.58,10,37,3.7,0,2016,6
Jordan Howard,CHI,6.97,40,2.8,15,35,2.3,1,2016,6
Chris Ivory,JAX,5.57,27.27,2.94,11,32,2.9,1,2016,6
Jay Ajayi,MIA,2.69,35.71,2.66,28,214,7.6,1,2016,7
Jacquizz Rodgers,TB,2.92,38.46,2.66,26,154,5.9,0,2016,7
LeGarrette Blount,NE,3.22,20.83,2.61,24,127,5.3,2,2016,7
David Johnson,ARI,4.36,21.21,2.78,33,113,3.4,0,2016,7
C.J. Anderson,DEN,2.97,37.5,2.09,16,107,6.7,1,2016,7
DeMarco Murray,TEN,4.61,44,2.77,25,103,4.1,1,2016,7
Matt Forte,NYJ,4.94,36.67,2.74,30,100,3.3,1,2016,7
Peyton Barber,TB,2.62,50,2.7,12,84,7,1,2016,7
Devontae Booker,DEN,3.32,29.41,2.08,17,83,4.9,1,2016,7
Le'Veon Bell,PIT,5,4.76,3.34,21,81,3.9,0,2016,7
Giovani Bernard,CIN,4.07,5.88,2.33,17,80,4.7,1,2016,7
Spencer Ware,KC,4.52,29.41,2.98,17,77,4.5,0,2016,7
Chris Thompson,WAS,3.68,--,3.18,12,73,6.1,0,2016,7
Melvin Gordon,LAC,4.52,50,2.64,22,68,3.1,2,2016,7
Alfred Blue,HOU,3.29,18.18,2.17,11,63,5.7,0,2016,7
Isaiah Crowell,CLE,3.19,8.33,2.08,12,63,5.3,1,2016,7
Mark Ingram,NO,4.31,--,2.66,16,62,3.9,0,2016,7
Lamar Miller,HOU,3.44,54.55,2.38,11,61,5.5,0,2016,7
Latavius Murray,OAK,4.52,66.67,2.68,18,59,3.3,2,2016,7
Frank Gore,IND,4.02,29.41,2.18,17,58,3.4,0,2016,7
Devonta Freeman,ATL,4.8,33.33,2.81,15,58,3.9,0,2016,7
Todd Gurley,LAR,4.4,20,2.37,15,57,3.8,0,2016,7
Ryan Mathews,PHI,5.15,21.43,2.65,14,56,4,0,2016,7
Matt Asiata,MIN,3.41,16.67,2.41,12,55,4.6,0,2016,7
Christine Michael,SEA,4.86,18.75,2.3,16,52,3.3,0,2016,7
Ka'Deem Carey,CHI,3.86,60,2.62,10,48,4.8,0,2016,7
Jerick McKinnon,MIN,4.04,45.45,2.79,11,43,3.9,0,2016,7
DuJuan Harris,SF,5.47,27.27,2.91,11,39,3.5,0,2016,7
Matt Jones,WAS,4.76,40,2.7,10,27,2.7,0,2016,7
Rashad Jennings,NYG,6.16,--,2.12,13,25,1.9,1,2016,7
Jordan Howard,CHI,3.31,42.31,2.79,26,153,5.9,1,2016,8
DeMarco Murray,TEN,4.29,42.86,3.19,21,123,5.9,1,2016,8
Melvin Gordon,LAC,3.71,56.52,2.6,23,111,4.8,0,2016,8
Tim Hightower,NO,3.76,38.46,2.6,26,102,3.9,0,2016,8
Ezekiel Elliott,DAL,3.81,13.64,2.72,22,96,4.4,0,2016,8
Jonathan Stewart,CAR,4,36,2.65,25,95,3.8,2,2016,8
Rob Kelley,WAS,4.14,19.05,2.66,21,87,4.1,1,2016,8
Darren Sproles,PHI,3.78,13.33,3.03,15,86,5.7,0,2016,8
Mike Gillislee,BUF,2.99,50,2.7,12,85,7.1,1,2016,8
Matt Forte,NYJ,4.85,12,2.73,25,82,3.3,2,2016,8
Jeremy Hill,CIN,4.3,5,2.42,20,76,3.8,1,2016,8
Jacquizz Rodgers,TB,4.12,26.32,2.62,19,69,3.6,1,2016,8
Derrick Henry,TEN,4.8,50,2.56,16,60,3.8,1,2016,8
Theo Riddick,DET,4.45,--,2.99,11,56,5.1,0,2016,8
Lamar Miller,HOU,5.28,17.65,2.29,17,56,3.3,1,2016,8
Devontae Booker,DEN,5.05,63.16,2.76,19,54,2.8,1,2016,8
Giovani Bernard,CIN,4.31,--,2.75,11,52,4.7,1,2016,8
Charcandrick West,KC,4.68,28.57,2.97,14,52,3.7,0,2016,8
Latavius Murray,OAK,3.69,27.27,2.67,11,48,4.4,0,2016,8
LeGarrette Blount,NE,5.83,11.11,2.82,18,43,2.4,1,2016,8
Matt Asiata,MIN,4.31,7.14,2.34,14,42,3,0,2016,8
Christine Michael,SEA,4.19,30,2.56,10,40,4,1,2016,8
Devonta Freeman,ATL,5.55,27.27,3.24,11,35,3.2,1,2016,8
Isaiah Crowell,CLE,4.62,45.45,2.62,11,29,2.6,1,2016,8
David Johnson,ARI,6.78,10,3.14,10,24,2.4,0,2016,8
Melvin Gordon,LAC,2.66,28.13,2.45,32,196,6.1,1,2016,9
Mark Ingram,NO,2,33.33,2.61,15,158,10.5,1,2016,9
Latavius Murray,OAK,3.28,80,2.27,20,114,5.7,3,2016,9
Jay Ajayi,MIA,3.85,12.5,2.79,24,111,4.6,1,2016,9
Chris Ivory,JAX,3.23,5.56,3.01,18,107,5.9,0,2016,9
Ezekiel Elliott,DAL,4.31,33.33,3.35,18,92,5.1,2,2016,9
Matt Forte,NYJ,2.39,8.33,2.7,12,92,7.7,1,2016,9
Tim Hightower,NO,3.68,30.43,2.43,23,87,3.8,1,2016,9
LeSean McCoy,BUF,4.96,52.38,3.28,21,85,4,0,2016,9
Devonta Freeman,ATL,4.16,23.53,2.61,17,77,4.5,0,2016,9
Theo Riddick,DET,4.01,21.43,3.11,14,70,5,0,2016,9
Frank Gore,IND,5.11,36.84,2.72,19,60,3.2,2,2016,9
DuJuan Harris,SF,2.91,--,2.76,10,59,5.9,0,2016,9
Darren Sproles,PHI,4.34,7.69,2.92,13,57,4.4,0,2016,9
Alfred Morris,DAL,5.54,52.94,3.02,17,56,3.3,0,2016,9
DeMarco Murray,TEN,4.52,21.43,2.86,14,51,3.6,1,2016,9
Todd Gurley,LAR,3.96,25,2.66,12,48,4,0,2016,9
Jonathan Stewart,CAR,6.13,13.33,3.27,15,42,2.8,0,2016,9
Charcandrick West,KC,5.28,15.38,3.03,13,39,3,0,2016,9
DeAndre Washington,OAK,4.21,30,2.32,10,35,3.5,0,2016,9
Le'Veon Bell,PIT,6.69,21.43,2.87,14,32,2.3,0,2016,9
Paul Perkins,NYG,4.64,--,2.38,11,32,2.9,0,2016,9
Peyton Barber,TB,5.36,18.18,2.94,11,31,2.8,0,2016,9
Dwayne Washington,DET,6.36,10,3.19,10,27,2.7,0,2016,9
Rashad Jennings,NYG,5.29,--,2.16,11,26,2.4,0,2016,9
Devontae Booker,DEN,5.31,--,2.26,10,22,2.2,0,2016,9
Terrance West,BAL,10.26,26.67,2.51,15,21,1.4,0,2016,9
DeMarco Murray,TEN,2.65,70.59,2.8,17,123,7.2,1,2016,10
Ezekiel Elliott,DAL,3.2,23.81,2.59,21,114,5.4,2,2016,10
Ryan Mathews,PHI,3.65,15.79,2.45,19,109,5.7,2,2016,10
Jordan Howard,CHI,2.95,6.67,2.82,15,100,6.7,0,2016,10
Matt Forte,NYJ,3.25,15,2.63,20,98,4.9,0,2016,10
Rob Kelley,WAS,3.86,13.64,2.63,22,97,4.4,0,2016,10
Rashad Jennings,NYG,3.09,--,3.03,15,87,5.8,0,2016,10
Lamar Miller,HOU,3.22,60,2.87,15,83,5.5,0,2016,10
Jay Ajayi,MIA,4.71,21.05,2.98,19,79,4.2,0,2016,10
Devontae Booker,DEN,5.02,33.33,2.58,24,76,3.2,0,2016,10
Melvin Gordon,LAC,5.62,25,2.8,24,70,2.9,0,2016,10
Wendell Smallwood,PHI,3.39,23.08,2.59,13,70,5.4,0,2016,10
LeGarrette Blount,NE,5.37,52.38,2.63,21,69,3.3,3,2016,10
C.J. Prosise,SEA,4.77,23.53,2.57,17,66,3.9,0,2016,10
Terrance West,BAL,4.02,14.29,2.72,21,65,3.1,0,2016,10
Todd Gurley,LAR,4.32,9.52,2.51,21,64,3,0,2016,10
Spencer Ware,KC,3.76,15.38,2.95,13,61,4.7,0,2016,10
Le'Veon Bell,PIT,5.41,5.88,3.49,17,57,3.4,1,2016,10
David Johnson,ARI,5.03,42.11,2.9,19,55,2.9,1,2016,10
Mark Ingram,NO,3.72,45.45,2.43,11,50,4.5,0,2016,10
Devonta Freeman,ATL,4.13,8.33,2.41,12,49,4.1,0,2016,10
Jeremy Hill,CIN,5.27,20,3.05,15,46,3.1,1,2016,10
Jonathan Stewart,CAR,5.27,23.08,3.24,13,39,3,0,2016,10
Peyton Barber,TB,4.16,41.67,2.71,12,38,3.2,0,2016,10
Doug Martin,TB,7.1,31.25,3.04,16,33,2.1,1,2016,10
Chris Ivory,JAX,5.67,40,2.8,10,27,2.7,0,2016,10
Carlos Hyde,SF,13.72,--,3.17,13,14,1.1,0,2016,10
Le'Veon Bell,PIT,3.94,17.86,2.94,28,146,5.2,1,2016,11
Rob Kelley,WAS,3.22,50,2.57,24,137,5.7,3,2016,11
LeGarrette Blount,NE,2.61,57.89,2.88,19,124,6.5,0,2016,11
Lamar Miller,HOU,4.06,12.5,2.72,24,104,4.3,1,2016,11
David Johnson,ARI,3.35,18.18,2.43,22,103,4.7,1,2016,11
Ezekiel Elliott,DAL,4.33,44,2.99,25,97,3.9,0,2016,11
Carlos Hyde,SF,3.61,36.84,3.04,19,86,4.5,0,2016,11
Rashad Jennings,NYG,3.72,--,2.49,21,85,4,1,2016,11
Jordan Howard,CHI,4.44,35.29,3.02,17,77,4.5,0,2016,11
Jay Ajayi,MIA,4.11,6.25,2.51,16,77,4.8,0,2016,11
Todd Gurley,LAR,4.54,25,2.63,20,76,3.8,1,2016,11
Mike Gillislee,BUF,4.22,28.57,3.02,14,72,5.1,0,2016,11
DeMarco Murray,TEN,5.06,33.33,2.72,21,70,3.3,0,2016,11
Tim Hightower,NO,3.09,16.67,3,12,69,5.8,0,2016,11
Spencer Ware,KC,3.37,29.41,2.65,17,69,4.1,0,2016,11
Doug Martin,TB,5.29,33.33,2.97,24,63,2.6,0,2016,11
Jeremy Hill,CIN,4.48,12.5,2.28,16,62,3.9,0,2016,11
Thomas Rawls,SEA,4.1,35.71,2.41,14,57,4.1,0,2016,11
Frank Gore,IND,4.32,16.67,2.32,18,50,2.8,0,2016,11
Wendell Smallwood,PHI,5.58,15.38,2.54,13,48,3.7,0,2016,11
Jerick McKinnon,MIN,4.93,37.5,2.6,16,44,2.8,0,2016,11
Chris Ivory,JAX,7.01,29.41,2.63,17,39,2.3,0,2016,11
Latavius Murray,OAK,4.89,66.67,2.37,12,33,2.8,0,2016,11
Jonathan Stewart,CAR,8.45,50,2.82,18,31,1.7,1,2016,11
Dwayne Washington,DET,31.64,23.08,3.15,13,6,0.5,0,2016,11
Mark Ingram,NO,2.43,42.86,2.81,14,146,10.4,1,2016,12
Le'Veon Bell,PIT,3.55,26.09,2.82,23,120,5.2,1,2016,12
LeSean McCoy,BUF,4.43,36.84,2.99,19,103,5.4,2,2016,12
Ezekiel Elliott,DAL,3.71,40,2.6,20,97,4.9,2,2016,12
Jonathan Stewart,CAR,2.98,70.59,2.66,17,96,5.6,2,2016,12
Doug Martin,TB,4.63,34.78,2.85,23,87,3.8,0,2016,12
Jordan Howard,CHI,3.93,38.89,2.86,18,84,4.7,0,2016,12
Devontae Booker,DEN,4.68,25,2.54,24,79,3.3,0,2016,12
Melvin Gordon,LAC,4.22,23.53,2.33,17,70,4.1,0,2016,12
LeGarrette Blount,NE,3.77,36.36,3.3,11,67,6.1,0,2016,12
Carlos Hyde,SF,3.32,23.08,2.34,13,65,5,0,2016,12
Spencer Ware,KC,3.72,41.18,2.79,17,64,3.8,0,2016,12
Devonta Freeman,ATL,5.5,56.25,2.68,16,60,3.8,2,2016,12
David Johnson,ARI,3.92,7.69,2.56,13,58,4.5,0,2016,12
Lamar Miller,HOU,4.93,31.58,2.52,19,57,3,0,2016,12
Rashad Jennings,NYG,4.56,--,2.9,15,55,3.7,0,2016,12
Tim Hightower,NO,4.15,46.67,2.46,15,51,3.4,0,2016,12
Todd Gurley,LAR,3.91,23.08,2.52,13,50,3.8,0,2016,12
Kenneth Dixon,BAL,5.23,15.38,2.75,13,49,3.8,0,2016,12
Terrance West,BAL,4.59,--,2.64,13,48,3.7,0,2016,12
Latavius Murray,OAK,6.11,21.05,2.64,19,45,2.4,1,2016,12
Jay Ajayi,MIA,7.53,22.22,2.69,18,45,2.5,1,2016,12
Isaiah Crowell,CLE,4.67,25,2.63,16,44,2.8,0,2016,12
DeMarco Murray,TEN,6.03,58.82,3.22,17,43,2.5,0,2016,12
James Starks,GB,6.13,29.41,3.23,17,41,2.4,0,2016,12
Denard Robinson,JAX,4.55,7.69,2.52,13,39,3,0,2016,12
Thomas Rawls,SEA,5.04,8.33,2.72,12,38,3.2,0,2016,12
Rob Kelley,WAS,6.59,21.43,3.17,14,37,2.6,0,2016,12
Frank Gore,IND,5.84,13.33,2.45,15,28,1.9,0,2016,12
Matt Forte,NYJ,7.45,15.38,3.06,13,27,2.1,0,2016,12
Jeremy Hill,CIN,7.74,8.33,2.56,12,21,1.8,0,2016,12
LeSean McCoy,BUF,3.19,29.41,3.24,17,130,7.6,0,2016,13
Le'Veon Bell,PIT,4.25,24.14,3.16,29,118,4.1,0,2016,13
Jordan Howard,CHI,3.81,56.25,2.59,32,117,3.7,3,2016,13
Thomas Rawls,SEA,2.83,13.33,2.56,15,106,7.1,2,2016,13
Carlos Hyde,SF,3.5,--,2.5,20,92,4.6,0,2016,13
LeGarrette Blount,NE,3.67,50,2.82,18,88,4.9,1,2016,13
Ezekiel Elliott,DAL,4.68,20,3.18,20,86,4.3,1,2016,13
Melvin Gordon,LAC,3.3,11.76,2.58,17,84,4.9,1,2016,13
David Johnson,ARI,3.49,22.22,2.55,18,84,4.7,1,2016,13
Latavius Murray,OAK,3.75,60,2.33,20,82,4.1,2,2016,13
Frank Gore,IND,4.15,30,2.72,20,79,4,0,2016,13
Rob Kelley,WAS,3.23,14.29,2.5,14,63,4.5,0,2016,13
Jay Ajayi,MIA,4.02,--,2.68,12,61,5.1,0,2016,13
Devonta Freeman,ATL,4.63,13.33,2.76,15,56,3.7,2,2016,13
T.J. Yeldon,JAX,3.5,21.43,2.75,14,55,3.9,0,2016,13
Denard Robinson,JAX,4.78,41.18,2.52,17,53,3.1,0,2016,13
Jonathan Stewart,CAR,3.82,18.18,3.05,11,50,4.5,0,2016,13
Terrance West,BAL,3.9,20,3.1,10,50,5,1,2016,13
Tevin Coleman,ATL,4.43,8.33,2.88,12,49,4.1,0,2016,13
Doug Martin,TB,5.39,23.53,2.83,17,45,2.6,1,2016,13
Todd Gurley,LAR,4.81,18.18,2.55,11,38,3.5,0,2016,13
Devontae Booker,DEN,7.98,27.78,2.9,18,35,1.9,1,2016,13
Jeremy Hill,CIN,10.19,26.09,2.87,23,33,1.4,1,2016,13
Spencer Ware,KC,7.06,7.14,3.04,14,29,2.1,1,2016,13
Lamar Miller,HOU,6.7,35.71,2.65,14,22,1.6,0,2016,13
Le'Veon Bell,PIT,3.52,60.53,3,38,236,6.2,3,2016,14
Carlos Hyde,SF,2.28,29.41,3.03,17,193,11.4,0,2016,14
Bilal Powell,NYJ,3.75,13.79,3.08,29,145,5,2,2016,14
Isaiah Crowell,CLE,2.03,10,3.1,10,113,11.3,0,2016,14
Jeremy Hill,CIN,3.77,28,2.81,25,111,4.4,1,2016,14
Lamar Miller,HOU,3.2,42.86,2.41,21,107,5.1,1,2016,14
Ezekiel Elliott,DAL,4.03,12.5,2.96,24,107,4.5,0,2016,14
Latavius Murray,OAK,3.24,9.09,2.69,22,103,4.7,1,2016,14
DeMarco Murray,TEN,4,85.71,2.8,21,92,4.4,1,2016,14
Jordan Howard,CHI,2.96,23.08,2.81,13,86,6.6,0,2016,14
David Johnson,ARI,3.78,15,2.56,20,80,4,0,2016,14
LeGarrette Blount,NE,3.99,50,2.72,18,72,4,1,2016,14
Thomas Rawls,SEA,3.07,16.67,2.64,12,67,5.6,0,2016,14
Jonathan Stewart,CAR,5.82,54.17,3.04,24,66,2.8,1,2016,14
Doug Martin,TB,5.26,69.57,2.68,23,66,2.9,1,2016,14
Dwayne Washington,DET,3.94,6.25,2.92,16,64,4,0,2016,14
Rob Kelley,WAS,4.49,12.5,3.16,16,63,3.9,1,2016,14
Todd Gurley,LAR,3.52,12.5,2.26,16,61,3.8,1,2016,14
Ryan Mathews,PHI,4,13.33,2.65,15,60,4,0,2016,14
T.J. Yeldon,JAX,5.4,23.53,2.93,17,59,3.5,0,2016,14
Spencer Ware,KC,5.57,15,2.9,20,56,2.8,0,2016,14
Kenneth Farrow,LAC,3.98,6.25,2.44,16,55,3.4,0,2016,14
Alfred Blue,HOU,4.25,18.75,2.06,16,55,3.4,0,2016,14
Jay Ajayi,MIA,6.27,--,2.93,20,48,2.4,0,2016,14
Paul Perkins,NYG,4.67,--,2.7,15,45,3,0,2016,14
Rashad Jennings,NYG,4.73,--,2.6,15,45,3,0,2016,14
Derrick Henry,TEN,3.77,91.67,2.34,12,42,3.5,0,2016,14
Frank Gore,IND,3.78,10,2.21,10,41,4.1,0,2016,14
Kenneth Dixon,BAL,4.2,18.18,2.58,11,39,3.5,0,2016,14
Matt Asiata,MIN,3.92,72.73,2.37,11,37,3.4,1,2016,14
Christine Michael,GB,5.2,10,2.8,10,36,3.6,0,2016,14
Jerick McKinnon,MIN,7.06,21.43,2.73,14,31,2.2,0,2016,14
LeSean McCoy,BUF,7.6,8.33,2.85,12,27,2.3,1,2016,14
Terron Ward,ATL,6.51,40,3.09,10,24,2.4,0,2016,14
Ty Montgomery,GB,2.73,12.5,3.47,16,162,10.1,2,2016,15
Ezekiel Elliott,DAL,2.89,8.7,2.9,23,159,6.9,1,2016,15
LeSean McCoy,BUF,3.16,5.26,3.14,19,153,8.1,2,2016,15
Devonta Freeman,ATL,3.12,20,2.59,20,139,7,3,2016,15
Jonathan Stewart,CAR,3.48,28,2.66,25,132,5.3,0,2016,15
Ryan Mathews,PHI,3.32,15,2.92,20,128,6.4,1,2016,15
Frank Gore,IND,3.32,15.38,2.36,26,101,3.9,0,2016,15
Dion Lewis,NE,2.9,27.78,2.19,18,95,5.3,0,2016,15
Le'Veon Bell,PIT,4.65,26.09,3.22,23,93,4,0,2016,15
Jordan Howard,CHI,3.68,5.88,2.63,17,90,5.3,1,2016,15
DeMarco Murray,TEN,3.65,38.89,3.13,18,89,4.9,0,2016,15
Bilal Powell,NYJ,3.04,6.25,2.63,16,84,5.3,0,2016,15
Latavius Murray,OAK,3.14,38.46,3,13,81,6.2,0,2016,15
Mark Ingram,NO,3.93,17.65,2.62,17,78,4.6,0,2016,15
Terrance West,BAL,3.18,53.85,2.73,13,77,5.9,0,2016,15
Carlos Hyde,SF,3.74,--,2.87,13,71,5.5,0,2016,15
Spencer Ware,KC,4.92,44.44,3.14,18,69,3.8,0,2016,15
Lamar Miller,HOU,5,50,2.54,22,63,2.9,1,2016,15
Tevin Coleman,ATL,5.07,42.86,2.71,14,58,4.1,0,2016,15
Paul Perkins,NYG,2.68,--,2.25,11,56,5.1,0,2016,15
David Johnson,ARI,4.02,50,2.64,12,53,4.4,2,2016,15
Jay Ajayi,MIA,6.02,42.11,2.37,19,51,2.7,0,2016,15
Chris Ivory,JAX,4.07,40,2.81,10,44,4.4,0,2016,15
Jeremy Hill,CIN,5.49,25,2.28,20,43,2.2,1,2016,15
Doug Martin,TB,5.85,12.5,2.76,16,42,2.6,0,2016,15
Kenneth Farrow,LAC,4.7,20,2.56,15,39,2.6,0,2016,15
Todd Gurley,LAR,7.17,35.71,2.97,14,38,2.7,0,2016,15
Rashad Jennings,NYG,6.14,22.22,2.75,18,38,2.1,0,2016,15
Justin Forsett,DEN,5.24,--,2.76,10,37,3.7,0,2016,15
Tim Hightower,NO,5.03,27.27,2.4,11,37,3.4,2,2016,15
Thomas Rawls,SEA,8.84,9.52,2.59,21,34,1.6,0,2016,15
LeGarrette Blount,NE,7.32,94.12,2.54,17,31,1.8,1,2016,15
Dwayne Washington,DET,7.45,14.29,3.27,14,31,2.2,0,2016,15
Jay Ajayi,MIA,3.29,46.88,2.82,32,206,6.4,1,2016,16
LeSean McCoy,BUF,3.54,16.67,2.73,24,128,5.3,1,2016,16
Le'Veon Bell,PIT,3.47,15,3.5,20,122,6.1,1,2016,16
Jordan Howard,CHI,3.17,11.11,2.82,18,119,6.6,0,2016,16
DeAndre Washington,OAK,2.35,33.33,2.57,12,99,8.3,2,2016,16
David Johnson,ARI,5.13,35.71,2.5,28,95,3.4,3,2016,16
Mike Gillislee,BUF,2.76,36.36,2.83,11,91,8.3,0,2016,16
Mark Ingram,NO,2.93,33.33,2.71,18,90,5,2,2016,16
Ezekiel Elliott,DAL,3.32,33.33,3.04,12,80,6.7,2,2016,16
Rob Kelley,WAS,3.98,5.26,2.83,19,76,4,0,2016,16
Alfred Blue,HOU,4.22,4.76,2.6,21,73,3.5,1,2016,16
Frank Gore,IND,3.09,7.69,2.3,13,72,5.5,0,2016,16
Paul Perkins,NYG,3.16,6.67,2.82,15,68,4.5,0,2016,16
Zach Zenner,DET,3.13,--,2.8,12,67,5.6,2,2016,16
Todd Gurley,LAR,4.57,34.78,2.35,23,67,2.9,1,2016,16
Jacquizz Rodgers,TB,3.48,40,2.91,15,63,4.2,1,2016,16
Spencer Ware,KC,3.11,38.46,2.42,13,62,4.8,0,2016,16
Bilal Powell,NYJ,3.75,6.67,2.81,15,60,4,0,2016,16
Kenneth Dixon,BAL,3.7,25,2.76,12,57,4.8,0,2016,16
Isaiah Crowell,CLE,5.62,25,3.3,16,54,3.4,2,2016,16
Devonta Freeman,ATL,4.28,15.38,2.38,13,53,4.1,0,2016,16
Dion Lewis,NE,5.21,18.75,3.09,16,52,3.3,0,2016,16
Jerick McKinnon,MIN,4.1,9.09,2.59,11,50,4.5,0,2016,16
Jonathan Stewart,CAR,4.06,18.18,2.7,11,50,4.5,0,2016,16
LeGarrette Blount,NE,4.62,40,2.58,20,50,2.5,2,2016,16
Darren McFadden,DAL,0.74,64.29,3.12,14,49,3.5,0,2016,16
Ryan Mathews,PHI,6.95,44.44,3.12,18,46,2.6,0,2016,16
Chris Ivory,JAX,6.12,14.29,2.91,14,45,3.2,1,2016,16
Rex Burkhead,CIN,4.19,--,2.65,12,42,3.5,0,2016,16
DeMarco Murray,TEN,5.48,50,2.99,14,42,3,0,2016,16
Latavius Murray,OAK,4.63,60,2.65,15,40,2.7,0,2016,16
Carlos Hyde,SF,5.43,--,2.34,13,38,2.9,0,2016,16
Charcandrick West,KC,5.64,71.43,2.69,14,35,2.5,0,2016,16
Terrance West,BAL,5.21,10,2.99,10,27,2.7,0,2016,16
Shaun Draughn,SF,6.62,--,2.2,10,17,1.7,0,2016,16
Isaiah Crowell,CLE,2.65,5.26,2.86,19,152,8,0,2016,17
Jordan Howard,CHI,3.53,26.09,2.57,23,135,5.9,0,2016,17
Corey Grant,JAX,3.51,16.67,3.15,18,122,6.8,1,2016,17
Bilal Powell,NYJ,3.2,13.64,2.91,22,122,5.5,0,2016,17
Rex Burkhead,CIN,3.73,22.22,2.4,27,119,4.4,2,2016,17
Mark Ingram,NO,3.77,10,2.64,20,103,5.2,1,2016,17
Paul Perkins,NYG,3.51,9.52,2.53,21,102,4.9,0,2016,17
Devonta Freeman,ATL,2.6,25,2.42,12,96,8,1,2016,17
Justin Forsett,DEN,4.65,13.64,2.91,22,90,4.1,0,2016,17
Jerick McKinnon,MIN,3.45,6.25,2.33,16,89,5.6,1,2016,17
Andre Williams,LAC,3.39,16.67,2.71,18,87,4.8,0,2016,17
Jacquizz Rodgers,TB,3.57,35.29,2.57,17,75,4.4,0,2016,17
Zach Zenner,DET,3.98,5,2.56,20,69,3.5,1,2016,17
DeAngelo Williams,PIT,5.52,17.39,2.91,23,67,2.9,1,2016,17
Derrick Henry,TEN,4.87,73.33,3.47,15,65,4.3,1,2016,17
Jonathan Stewart,CAR,5.6,15,3.26,20,65,3.3,1,2016,17
Frank Gore,IND,3.91,31.25,2.8,16,62,3.9,0,2016,17
Kerwynn Williams,ARI,3.71,41.67,2.72,12,60,5,1,2016,17
Jay Ajayi,MIA,4.88,6.25,2.62,16,59,3.7,0,2016,17
Charcandrick West,KC,4.19,18.75,2.66,16,58,3.6,0,2016,17
Devontae Booker,DEN,4.15,14.29,2.46,14,57,4.1,1,2016,17
Rashad Jennings,NYG,4.14,16.67,2.15,18,52,2.9,1,2016,17
LeGarrette Blount,NE,4.62,35.71,2.69,14,51,3.6,1,2016,17
Dion Lewis,NE,3.28,9.09,2.37,11,48,4.4,0,2016,17
Kenneth Dixon,BAL,3.79,20,2.4,10,44,4.4,1,2016,17
Shaun Draughn,SF,6.56,9.52,2.36,21,41,2,2,2016,17
Mike Gillislee,BUF,6.31,40,2.93,15,40,2.7,1,2016,17
Todd Gurley,LAR,5.86,--,2.68,14,40,2.9,0,2016,17
Rob Kelley,WAS,5.97,25,2.58,12,33,2.8,0,2016,17
Alfred Blue,HOU,5.82,36.36,2.97,11,28,2.5,0,2016,17
Jeremy Langford,CHI,6.5,20,2.47,10,26,2.6,0,2016,17
DeMarco Murray,TEN,7.61,72.73,2.98,11,21,1.9,0,2016,17
Kareem Hunt,KC,2.82,35.29,2.92,17,148,8.7,1,2017,1
Dalvin Cook,MIN,3.94,40.91,3.04,22,127,5.8,0,2017,1
LeSean McCoy,BUF,3.69,4.55,2.8,22,110,5,0,2017,1
Ezekiel Elliott,DAL,4.14,20.83,2.92,24,104,4.3,0,2017,1
Leonard Fournette,JAX,3.78,57.69,2.33,26,100,3.8,1,2017,1
C.J. Anderson,DEN,3.72,35,2.46,20,81,4.1,0,2017,1
Terrance West,BAL,4.19,26.32,2.89,19,80,4.2,1,2017,1
Marshawn Lynch,OAK,3.64,33.33,2.66,18,76,4.2,0,2017,1
Javorius Allen,BAL,4.05,38.1,2.59,21,71,3.4,0,2017,1
Lamar Miller,HOU,3.96,11.76,2.58,17,65,3.8,0,2017,1
Jonathan Stewart,CAR,5.19,55.56,2.93,18,65,3.6,0,2017,1
Melvin Gordon,LAC,4.83,55.56,2.75,18,54,3,0,2017,1
Ty Montgomery,GB,4.74,26.32,2.78,19,54,2.8,1,2017,1
Jordan Howard,CHI,5.09,38.46,2.89,13,52,4,1,2017,1
Christian McCaffrey,CAR,5.76,23.08,3,13,47,3.6,0,2017,1
LeGarrette Blount,PHI,4.3,28.57,2.31,14,46,3.3,0,2017,1
Mike Gillislee,NE,4.89,53.33,2.5,15,45,3,3,2017,1
DeMarco Murray,TEN,4.34,41.67,3.06,12,44,3.7,0,2017,1
Frank Gore,IND,3.61,10,2.48,10,42,4.2,0,2017,1
Mike Tolbert,BUF,4.27,8.33,2.72,12,42,3.5,1,2017,1
Todd Gurley,LAR,8.2,10.53,3.18,19,40,2.1,1,2017,1
Jamaal Charles,DEN,5.66,20,3.24,10,40,4,0,2017,1
James White,NE,4.3,10,2.3,10,38,3.8,0,2017,1
Devonta Freeman,ATL,6.34,8.33,2.98,12,37,3.1,1,2017,1
Isaiah Crowell,CLE,7.62,5.88,2.91,17,33,1.9,0,2017,1
Le'Veon Bell,PIT,4.23,--,3.07,10,32,3.2,0,2017,1
Rob Kelley,WAS,6.45,30,2.89,10,30,3,0,2017,1
Ameer Abdullah,DET,8.56,6.67,3.09,15,30,2,0,2017,1
Marlon Mack,IND,6.82,30,3.01,10,24,2.4,1,2017,1
David Johnson,ARI,8.4,9.09,3.28,11,23,2.1,0,2017,1
Carlos Hyde,SF,2.78,33.33,2.34,15,124,8.3,0,2017,2
Jay Ajayi,MIA,4.1,10.71,2.68,28,122,4.4,0,2017,2
C.J. Anderson,DEN,3.19,4,2.34,25,118,4.7,1,2017,2
Chris Carson,SEA,3.95,25,2.78,20,93,4.7,0,2017,2
Derrick Henry,TEN,2.82,71.43,2.3,14,92,6.6,1,2017,2
Todd Gurley,LAR,3.18,18.75,2.62,16,88,5.5,1,2017,2
Le'Veon Bell,PIT,4.73,14.81,3.09,27,87,3.2,0,2017,2
Ameer Abdullah,DET,4.11,35.29,3.25,17,86,5.1,0,2017,2
Devonta Freeman,ATL,3.28,36.84,2.85,19,84,4.4,2,2017,2
Kareem Hunt,KC,3.08,38.46,2.77,13,81,6.2,2,2017,2
Rob Kelley,WAS,2.54,58.33,2.52,12,78,6.5,0,2017,2
Mike Gillislee,NE,4.55,66.67,2.79,18,69,3.8,1,2017,2
Samaje Perine,WAS,4.07,42.86,2.72,21,67,3.2,0,2017,2
Jacquizz Rodgers,TB,4.34,31.58,2.75,19,67,3.5,1,2017,2
Javorius Allen,BAL,4.28,21.43,2.39,14,66,4.7,0,2017,2
Dalvin Cook,MIN,3.14,--,2.46,12,64,5.3,0,2017,2
Lamar Miller,HOU,4.33,22.22,2.68,18,61,3.4,0,2017,2
Darren Sproles,PHI,4.22,--,2.86,10,48,4.8,0,2017,2
Peyton Barber,TB,3.53,30,2.8,10,47,4.7,0,2017,2
Frank Gore,IND,4.08,50,2.83,14,46,3.3,1,2017,2
Marshawn Lynch,OAK,4.31,25,3.24,12,45,3.8,1,2017,2
Chris Johnson,ARI,4.04,18.18,2.62,11,44,4,0,2017,2
Jonathan Stewart,CAR,6.06,33.33,3.18,15,40,2.7,0,2017,2
Leonard Fournette,JAX,5.68,42.86,2.45,14,40,2.9,1,2017,2
D'Onta Foreman,HOU,4.68,25,3.1,12,40,3.3,0,2017,2
Isaiah Crowell,CLE,4.5,50,2.64,10,37,3.7,0,2017,2
Ty Montgomery,GB,4.07,40,3.15,10,35,3.5,1,2017,2
LeSean McCoy,BUF,16.12,25,2.53,12,9,0.8,0,2017,2
Kareem Hunt,KC,2.21,17.65,2.94,17,172,10.1,1,2017,3
Jordan Howard,CHI,3.8,17.39,3.34,23,140,6.1,2,2017,3
DeMarco Murray,TEN,2.42,64.29,2.53,14,115,8.2,1,2017,3
Todd Gurley,LAR,4.1,46.43,2.94,28,113,4,2,2017,3
Devonta Freeman,ATL,3.74,47.62,2.83,21,106,5,1,2017,3
Dalvin Cook,MIN,3.98,25.93,2.63,27,97,3.6,1,2017,3
Carlos Hyde,SF,4.26,52,2.83,25,84,3.4,2,2017,3
Ezekiel Elliott,DAL,4.89,36.36,2.98,22,80,3.6,1,2017,3
Melvin Gordon,LAC,4.19,11.76,2.94,17,79,4.6,1,2017,3
Tarik Cohen,CHI,3.87,--,3.24,12,78,6.5,0,2017,3
Wendell Smallwood,PHI,2.96,--,2.85,12,71,5.9,0,2017,3
LeGarrette Blount,PHI,3.19,33.33,2.76,12,67,5.6,1,2017,3
Joe Mixon,CIN,5.04,16.67,2.82,18,62,3.4,0,2017,3
Le'Veon Bell,PIT,3.79,6.67,3.01,15,61,4.1,1,2017,3
Leonard Fournette,JAX,4.38,58.82,2.56,17,59,3.5,1,2017,3
Jonathan Stewart,CAR,3.76,58.33,2.99,12,57,4.8,0,2017,3
Frank Gore,IND,5.43,24,2.57,25,57,2.3,1,2017,3
Mark Ingram,NO,4.27,50,2.68,14,56,4,0,2017,3
Lamar Miller,HOU,3.65,50,2.58,14,56,4,0,2017,3
Derrick Henry,TEN,4.5,46.15,2.85,13,54,4.2,0,2017,3
Samaje Perine,WAS,4.75,31.58,2.72,19,49,2.6,0,2017,3
Ameer Abdullah,DET,4.93,28.57,3.14,14,47,3.4,0,2017,3
Isaiah Crowell,CLE,4.59,41.67,3.15,12,44,3.7,0,2017,3
Mike Tolbert,BUF,3.72,72.73,2.87,11,41,3.7,0,2017,3
Bilal Powell,NYJ,6.65,53.33,2.49,15,37,2.5,1,2017,3
Ty Montgomery,GB,4.85,25,2.75,12,35,2.9,0,2017,3
Chris Carson,SEA,4.61,9.09,2.58,11,34,3.1,0,2017,3
Mike Gillislee,NE,6.03,50,2.62,12,31,2.6,0,2017,3
LeSean McCoy,BUF,9.5,57.14,3.02,14,21,1.5,0,2017,3
Chris Johnson,ARI,10.31,--,2.86,12,17,1.4,0,2017,3
Jay Ajayi,MIA,10.56,9.09,2.36,11,16,1.5,0,2017,3
Bilal Powell,NYJ,2.36,47.62,2.71,21,163,7.8,1,2017,4
Le'Veon Bell,PIT,4.43,25.71,3.45,35,144,4.1,2,2017,4
LeGarrette Blount,PHI,2.49,25,2.63,16,136,8.5,0,2017,4
Todd Gurley,LAR,3.6,4.35,2.88,23,121,5.3,0,2017,4
Kareem Hunt,KC,3.88,38.1,2.95,21,101,4.8,0,2017,4
C.J. Anderson,DEN,3.21,25,2.63,20,95,4.8,0,2017,4
Ameer Abdullah,DET,3.48,30,3.03,20,94,4.7,1,2017,4
Elijah McGuire,NYJ,2.2,30,2.82,10,93,9.3,1,2017,4
Leonard Fournette,JAX,4.12,41.67,2.5,24,86,3.6,0,2017,4
Ezekiel Elliott,DAL,3.76,57.14,2.81,21,85,4,1,2017,4
Jacquizz Rodgers,TB,2.94,18.75,2.94,16,83,5.2,0,2017,4
LeSean McCoy,BUF,4.33,60,2.83,20,76,3.8,0,2017,4
Lamar Miller,HOU,3.54,10.53,2.36,19,75,3.9,1,2017,4
Carlos Hyde,SF,3.92,50,2.68,16,68,4.3,0,2017,4
Jonathan Stewart,CAR,3.35,42.86,2.63,14,68,4.9,0,2017,4
Dalvin Cook,MIN,3.42,30.77,2.39,13,66,5.1,1,2017,4
Devonta Freeman,ATL,5.75,27.78,3.18,18,58,3.2,1,2017,4
Jordan Howard,CHI,5.38,66.67,2.94,18,53,2.9,1,2017,4
Eddie Lacy,SEA,3.47,9.09,2.61,11,52,4.7,0,2017,4
Aaron Jones,GB,4.45,30.77,2.77,13,49,3.8,1,2017,4
Mike Gillislee,NE,3.92,41.67,2.57,12,49,4.1,0,2017,4
Frank Gore,IND,3.22,41.67,2.55,12,46,3.8,0,2017,4
Jay Ajayi,MIA,4.59,25,2.78,12,46,3.8,0,2017,4
D'Onta Foreman,HOU,4.31,30.77,2.64,13,45,3.5,0,2017,4
Mark Ingram,NO,4.84,50,2.91,14,45,3.2,0,2017,4
Wayne Gallman,NYG,3.54,--,2.62,11,42,3.8,0,2017,4
Chris Carson,SEA,4.75,--,3.16,12,42,3.5,0,2017,4
Wendell Smallwood,PHI,4.53,10,2.93,10,34,3.4,1,2017,4
Chris Johnson,ARI,5.75,30.77,2.63,13,32,2.5,0,2017,4
Corey Clement,PHI,5.18,10,2.61,10,30,3,0,2017,4
Joe Mixon,CIN,8.29,35.29,3.19,17,29,1.7,0,2017,4
Melvin Gordon,LAC,6.4,20,2.87,10,22,2.2,0,2017,4
Leonard Fournette,JAX,2.74,39.29,2.55,28,181,6.5,2,2017,5
Aaron Jones,GB,3.11,15.79,2.96,19,125,6.6,1,2017,5
Ezekiel Elliott,DAL,3.85,20.69,2.88,29,116,4,0,2017,5
Kareem Hunt,KC,4.97,44.83,3.34,29,107,3.7,0,2017,5
Melvin Gordon,LAC,3.56,20,2.79,20,105,5.3,0,2017,5
Jerick McKinnon,MIN,3.48,12.5,2.79,16,95,5.9,1,2017,5
Jay Ajayi,MIA,5.15,20,2.64,25,77,3.1,0,2017,5
Jordan Howard,CHI,5.82,52.63,3.08,19,76,4,0,2017,5
LeGarrette Blount,PHI,3.57,42.86,2.97,14,74,5.3,0,2017,5
Doug Martin,TB,2.79,23.08,2.82,13,74,5.7,1,2017,5
Lamar Miller,HOU,2.99,6.67,2.58,15,74,4.9,0,2017,5
Javorius Allen,BAL,3.61,33.33,2.5,21,73,3.5,1,2017,5
LeSean McCoy,BUF,5.32,10.53,3.26,19,63,3.3,0,2017,5
Isaiah Crowell,CLE,4.77,50,3.07,16,60,3.8,0,2017,5
DeMarco Murray,TEN,4.44,14.29,3.02,14,58,4.1,0,2017,5
Wayne Gallman,NYG,3.38,--,2.56,11,57,5.2,0,2017,5
Alex Collins,BAL,4.22,16.67,3.09,12,55,4.6,0,2017,5
Mike Gillislee,NE,3.71,16.67,2.55,12,52,4.3,0,2017,5
Joe Mixon,CIN,4.93,20,3.43,15,51,3.4,1,2017,5
Matt Breida,SF,3.77,20,2.6,10,49,4.9,0,2017,5
Frank Gore,IND,4.46,28.57,2.61,14,48,3.4,0,2017,5
Le'Veon Bell,PIT,5.61,33.33,3.1,15,47,3.1,0,2017,5
Marshawn Lynch,OAK,4.35,25,2.58,12,43,3.6,1,2017,5
Todd Gurley,LAR,5.78,14.29,2.85,14,43,3.1,0,2017,5
Latavius Murray,MIN,6.22,8.33,2.86,12,31,2.6,0,2017,5
Ameer Abdullah,DET,5.27,40,2.81,10,31,3.1,0,2017,5
Jonathan Stewart,CAR,11.75,33.33,3.16,18,21,1.2,0,2017,5
Elijah McGuire,NYJ,8.39,9.09,3.15,11,20,1.8,0,2017,5
Le'Veon Bell,PIT,3.46,21.88,3.27,32,179,5.6,1,2017,6
Jordan Howard,CHI,4.37,36.11,3.03,36,167,4.6,0,2017,6
Adrian Peterson,ARI,3.91,19.23,2.75,26,134,5.2,2,2017,6
Derrick Henry,TEN,3.27,42.11,3.3,19,131,6.9,1,2017,6
Leonard Fournette,JAX,3.15,57.14,2.92,21,130,6.2,1,2017,6
Jay Ajayi,MIA,3.54,50,2.63,26,130,5,0,2017,6
Orleans Darkwa,NYG,2.95,80.95,2.98,21,117,5.6,0,2017,6
Todd Gurley,LAR,3.24,21.74,2.64,23,116,5,0,2017,6
Mark Ingram,NO,3.86,28,2.84,25,114,4.6,2,2017,6
Melvin Gordon,LAC,4.61,20,2.46,25,83,3.3,1,2017,6
Alvin Kamara,NO,3.31,20,3.1,10,75,7.5,0,2017,6
Alex Collins,BAL,4.76,--,3.27,15,74,4.9,0,2017,6
Jerick McKinnon,MIN,5.04,6.67,2.9,15,69,4.6,1,2017,6
LeGarrette Blount,PHI,3.47,42.86,2.74,14,67,4.8,0,2017,6
Marshawn Lynch,OAK,3.36,30.77,2.58,13,63,4.8,0,2017,6
D'Onta Foreman,HOU,3.32,16.67,2.77,12,59,4.9,0,2017,6
Isaiah Crowell,CLE,3.53,33.33,3.17,12,58,4.8,0,2017,6
Ameer Abdullah,DET,4.68,--,3.22,14,54,3.9,0,2017,6
Doug Martin,TB,4.05,21.43,2.81,14,53,3.8,1,2017,6
Dion Lewis,NE,3.47,45.45,2.84,11,52,4.7,1,2017,6
Frank Gore,IND,3.14,20,2.53,10,49,4.9,0,2017,6
Javorius Allen,BAL,2.74,20,2.09,10,49,4.9,0,2017,6
Mike Gillislee,NE,2.93,40,2.28,10,44,4.4,0,2017,6
Lamar Miller,HOU,4.75,26.67,2.85,15,41,2.7,0,2017,6
Aaron Jones,GB,4.99,--,2.86,13,41,3.2,0,2017,6
DeMarco Murray,TEN,4.55,16.67,2.76,12,40,3.3,1,2017,6
Chris Thompson,WAS,7.5,12.5,2.87,16,33,2.1,0,2017,6
Tarik Cohen,CHI,8.14,21.43,2.96,14,32,2.3,0,2017,6
Ty Montgomery,GB,5.7,--,3.07,10,28,2.8,0,2017,6
Latavius Murray,MIN,7.88,40,2.75,15,28,1.9,0,2017,6
Carlos Hyde,SF,7.97,76.92,2.85,13,28,2.2,2,2017,6
Elijah McGuire,NYJ,7.42,20,3.16,10,22,2.2,0,2017,6
Ezekiel Elliott,DAL,3.32,23.08,2.78,26,147,5.7,2,2017,7
Le'Veon Bell,PIT,4.27,17.14,2.92,35,134,3.8,0,2017,7
Aaron Jones,GB,2.92,29.41,2.73,17,131,7.7,1,2017,7
Latavius Murray,MIN,2.55,27.78,2.69,18,113,6.3,1,2017,7
Todd Gurley,LAR,3.39,18.18,2.55,22,106,4.8,1,2017,7
Mark Ingram,NO,3.59,50,2.5,22,105,4.8,1,2017,7
LeSean McCoy,BUF,4.24,26.09,2.82,23,91,4,2,2017,7
Kareem Hunt,KC,3.24,5.56,2.95,18,87,4.8,0,2017,7
Dion Lewis,NE,2.93,53.85,2.7,13,76,5.8,0,2017,7
Devonta Freeman,ATL,3.2,--,2.76,12,72,6,0,2017,7
Carlos Hyde,SF,3.76,21.43,2.86,14,68,4.9,0,2017,7
Jordan Howard,CHI,5.27,57.14,2.32,21,65,3.1,0,2017,7
DeMarco Murray,TEN,4.65,50,2.67,18,59,3.3,0,2017,7
Jay Ajayi,MIA,6.63,30.43,2.71,23,51,2.2,0,2017,7
Doug Martin,TB,6.16,15,3.02,20,49,2.5,0,2017,7
Malcolm Brown,LAR,3.76,--,2.35,11,48,4.4,0,2017,7
Jonathan Stewart,CAR,4.68,28.57,2.69,14,48,3.4,0,2017,7
Chris Ivory,JAX,4.56,64.71,2.59,17,47,2.8,1,2017,7
Jerick McKinnon,MIN,4.21,42.86,2.97,14,47,3.4,0,2017,7
C.J. Anderson,DEN,3.61,10,2.57,10,44,4.4,0,2017,7
Melvin Gordon,LAC,6.54,66.67,2.74,18,38,2.1,0,2017,7
Thomas Rawls,SEA,5.37,27.27,2.93,11,36,3.3,0,2017,7
Isaiah Crowell,CLE,6.63,17.65,2.62,17,35,2.1,0,2017,7
Eddie Lacy,SEA,5.28,18.18,2.71,11,34,3.1,0,2017,7
Alex Collins,BAL,5.44,10,3.23,10,30,3,0,2017,7
LeGarrette Blount,PHI,7.01,35.71,2.73,14,29,2.1,0,2017,7
Adrian Peterson,ARI,7.06,45.45,2.7,11,21,1.9,0,2017,7
Derrick Henry,TEN,13.45,38.46,2.56,13,13,1,0,2017,7
LeSean McCoy,BUF,3.15,48.15,2.66,27,151,5.6,1,2017,8
Ezekiel Elliott,DAL,3.1,30.3,2.79,33,150,4.5,2,2017,8
Melvin Gordon,LAC,2.3,14.29,2.59,14,132,9.4,1,2017,8
Alex Collins,BAL,3.44,33.33,3.36,18,113,6.3,0,2017,8
Jordan Howard,CHI,4.14,73.91,2.98,23,102,4.4,0,2017,8
Tevin Coleman,ATL,2.79,50,2.65,14,82,5.9,0,2017,8
Frank Gore,IND,2.81,18.75,2.5,16,82,5.1,0,2017,8
C.J. Anderson,DEN,3.23,13.33,2.43,15,78,5.2,0,2017,8
Le'Veon Bell,PIT,4.75,44,2.89,25,76,3,1,2017,8
Mark Ingram,NO,3.71,22.22,2.59,18,75,4.2,1,2017,8
Doug Martin,TB,4.26,27.78,2.91,18,71,3.9,0,2017,8
Isaiah Crowell,CLE,3.1,18.18,2.59,11,64,5.8,1,2017,8
Javorius Allen,BAL,3.95,41.18,2.48,17,55,3.2,0,2017,8
Lamar Miller,HOU,4.96,19.05,2.47,21,54,2.6,1,2017,8
Corey Clement,PHI,3.39,50,2.88,10,54,5.4,0,2017,8
Jerick McKinnon,MIN,5.8,28.57,3,14,50,3.6,1,2017,8
LeGarrette Blount,PHI,5.87,37.5,2.79,16,48,3,1,2017,8
Kareem Hunt,KC,8.11,54.55,3.16,22,46,2.1,0,2017,8
Dion Lewis,NE,4.12,20,2.54,15,44,2.9,0,2017,8
Devonta Freeman,ATL,4.17,16.67,2.92,12,41,3.4,0,2017,8
Latavius Murray,MIN,6.4,31.58,2.57,19,39,2.1,0,2017,8
Jonathan Stewart,CAR,5.2,54.55,2.62,11,34,3.1,1,2017,8
Mike Gillislee,NE,4.19,72.73,2.53,11,34,3.1,0,2017,8
Bilal Powell,NYJ,5.84,28.57,3,14,33,2.4,0,2017,8
Marlon Mack,IND,7.14,27.27,3.08,11,27,2.5,0,2017,8
Ameer Abdullah,DET,7.21,27.27,3.26,11,27,2.5,0,2017,8
Carlos Hyde,SF,7.42,41.67,2.96,12,25,2.1,0,2017,8
Jay Ajayi,MIA,7.68,38.46,2.91,13,23,1.8,0,2017,8
Joe Mixon,CIN,8.94,45.45,3.52,11,18,1.6,0,2017,8
Adrian Peterson,ARI,3.6,62.16,2.68,37,159,4.3,0,2017,9
Ezekiel Elliott,DAL,4.61,33.33,2.73,27,93,3.4,1,2017,9
Mark Ingram,NO,3.3,12.5,2.58,16,77,4.8,0,2017,9
Matt Forte,NYJ,3.23,21.43,2.97,14,77,5.5,2,2017,9
Orleans Darkwa,NYG,3.06,31.25,2.46,16,71,4.4,0,2017,9
Chris Ivory,JAX,4.36,50,2.57,20,70,3.5,0,2017,9
Alvin Kamara,NO,3.25,10,2.8,10,68,6.8,1,2017,9
Christian McCaffrey,CAR,4.55,40,2.81,15,66,4.4,1,2017,9
Todd Gurley,LAR,4.38,31.25,2.86,16,59,3.7,2,2017,9
Marshawn Lynch,OAK,3.47,42.86,2.92,14,57,4.1,2,2017,9
Malcolm Brown,LAR,4.71,33.33,2.9,15,57,3.8,0,2017,9
Lamar Miller,HOU,2.75,--,2.39,10,57,5.7,0,2017,9
Frank Gore,IND,4.64,47.06,2.87,17,51,3,0,2017,9
Corey Clement,PHI,4.12,41.67,2.9,12,51,4.3,2,2017,9
Ameer Abdullah,DET,6.78,9.52,3.23,21,48,2.3,1,2017,9
Devonta Freeman,ATL,3.4,45.45,2.31,11,46,4.2,0,2017,9
Alex Collins,BAL,4.87,30.77,2.87,13,43,3.3,0,2017,9
T.J. Yeldon,JAX,3.83,18.18,2.33,11,41,3.7,0,2017,9
Carlos Hyde,SF,4.55,50,2.73,12,41,3.4,0,2017,9
D'Onta Foreman,HOU,4.14,--,2.36,11,37,3.4,0,2017,9
Peyton Barber,TB,4.86,45.45,3.06,11,34,3.1,0,2017,9
Joe Mixon,CIN,5.55,30.77,2.35,13,31,2.4,1,2017,9
Elijah McGuire,NYJ,8.67,46.15,3.88,13,30,2.3,0,2017,9
LeSean McCoy,BUF,6.4,75,2.92,12,25,2.1,0,2017,9
Jonathan Stewart,CAR,7.62,72.73,2.81,11,21,1.9,0,2017,9
Rob Kelley,WAS,10.34,35.71,2.47,14,18,1.3,2,2017,9
Mark Ingram,NO,2.73,42.86,2.3,21,131,6.2,3,2017,10
Jonathan Stewart,CAR,3.07,41.18,3.2,17,110,6.5,0,2017,10
Alvin Kamara,NO,2.82,33.33,2.72,12,106,8.8,1,2017,10
Carlos Hyde,SF,3.84,17.65,3.23,17,101,5.9,0,2017,10
Isaiah Crowell,CLE,2.63,18.75,2.52,16,90,5.6,1,2017,10
Tevin Coleman,ATL,4.09,20,2.66,20,83,4.2,1,2017,10
Le'Veon Bell,PIT,5.89,23.08,3.35,26,80,3.1,0,2017,10
Orleans Darkwa,NYG,3.16,35.71,2.62,14,73,5.2,0,2017,10
Latavius Murray,MIN,3.52,64.71,2.57,17,68,4,1,2017,10
Todd Gurley,LAR,3.36,--,2.99,11,68,6.2,0,2017,10
Jamaal Williams,GB,4.22,40,2.89,20,67,3.4,0,2017,10
Lamar Miller,HOU,2.93,63.64,2.59,11,60,5.5,0,2017,10
Dion Lewis,NE,3.63,64.29,2.51,14,55,3.9,1,2017,10
Jordan Howard,CHI,4.37,33.33,3,15,54,3.6,0,2017,10
C.J. Anderson,DEN,3.08,20,2.61,10,54,5.4,0,2017,10
Duke Johnson,CLE,3.39,--,2.8,10,54,5.4,0,2017,10
Frank Gore,IND,4.24,23.53,2.92,17,54,3.2,0,2017,10
Alfred Morris,DAL,3.42,63.64,2.91,11,53,4.8,0,2017,10
Ameer Abdullah,DET,3.56,9.09,2.93,11,52,4.7,1,2017,10
Derrick Henry,TEN,3.77,27.27,2.92,11,52,4.7,0,2017,10
Doug Martin,TB,5.62,40,2.93,20,51,2.6,0,2017,10
Austin Ekeler,LAC,3.63,30,2.41,10,46,4.6,0,2017,10
DeMarco Murray,TEN,4.55,28.57,2.65,14,42,3,2,2017,10
Rex Burkhead,NE,3.94,60,2.32,10,36,3.6,0,2017,10
Leonard Fournette,JAX,6.87,52.94,2.41,17,33,1.9,0,2017,10
Jerick McKinnon,MIN,4.8,--,2.74,10,32,3.2,0,2017,10
Bilal Powell,NYJ,4.8,40,2.9,10,30,3,0,2017,10
Adrian Peterson,ARI,9.2,47.62,2.75,21,29,1.4,0,2017,10
Melvin Gordon,LAC,8.39,37.5,2.64,16,27,1.7,0,2017,10
Thomas Rawls,SEA,5.77,20,2.98,10,27,2.7,0,2017,10
Mark Ingram,NO,1.9,45.45,2.74,11,134,12.2,1,2017,11
Jordan Howard,CHI,2.66,13.33,2.99,15,125,8.3,1,2017,11
Samaje Perine,WAS,3.2,52.17,2.95,23,117,5.1,1,2017,11
LeSean McCoy,BUF,2.68,15.38,2.88,13,114,8.8,1,2017,11
Leonard Fournette,JAX,3.64,57.14,2.61,28,111,4,0,2017,11
Latavius Murray,MIN,2.75,73.33,2.36,15,95,6.3,2,2017,11
Alfred Morris,DAL,3.24,47.06,3.12,17,91,5.4,0,2017,11
Melvin Gordon,LAC,4.11,30,2.89,20,80,4,1,2017,11
Damien Williams,MIA,2.49,20,2.81,10,78,7.8,0,2017,11
Orleans Darkwa,NYG,3.73,50,2.62,20,74,3.7,1,2017,11
Kareem Hunt,KC,3.89,11.11,2.92,18,73,4.1,0,2017,11
Marshawn Lynch,OAK,3.8,--,3.02,11,67,6.1,0,2017,11
D'Onta Foreman,HOU,2.92,20,2.81,10,65,6.5,2,2017,11
Lamar Miller,HOU,4.42,45.45,2.53,22,61,2.8,0,2017,11
Dion Lewis,NE,2.83,30,2.6,10,60,6,0,2017,11
LeGarrette Blount,PHI,2.92,7.69,2.6,13,57,4.4,0,2017,11
Jamaal Williams,GB,4.26,33.33,2.78,18,57,3.2,0,2017,11
Alex Collins,BAL,6.89,45,3.28,20,49,2.5,1,2017,11
Joe Mixon,CIN,6.08,40,2.69,20,49,2.5,0,2017,11
Jerick McKinnon,MIN,4.65,50,2.88,14,48,3.4,0,2017,11
Le'Veon Bell,PIT,3.7,--,3.02,12,46,3.8,0,2017,11
Devontae Booker,DEN,4.26,--,2.34,14,44,3.1,0,2017,11
Tevin Coleman,ATL,6.8,55,2.66,20,43,2.2,1,2017,11
Doug Martin,TB,7.57,36.84,3.3,19,38,2,0,2017,11
Todd Gurley,LAR,6.85,--,2.87,15,37,2.5,1,2017,11
C.J. Anderson,DEN,5.39,7.69,2.54,13,37,2.8,1,2017,11
Adrian Peterson,ARI,8.32,28.57,2.85,14,26,1.9,0,2017,11
Ameer Abdullah,DET,7.91,9.09,3.35,11,22,2,0,2017,11
Isaiah Crowell,CLE,6.5,54.55,2.45,11,18,1.6,0,2017,11
Joe Mixon,CIN,3.01,21.74,2.67,23,114,5,1,2017,12
Dion Lewis,NE,2.29,13.33,2.38,15,112,7.5,0,2017,12
Samaje Perine,WAS,3.8,37.5,2.32,24,100,4.2,0,2017,12
Tevin Coleman,ATL,3.81,10.53,2.85,19,97,5.1,2,2017,12
LeGarrette Blount,PHI,2.6,6.67,2.49,15,97,6.5,0,2017,12
Isaiah Crowell,CLE,2.83,18.75,3.08,16,95,5.9,0,2017,12
Le'Veon Bell,PIT,3.42,15,2.75,20,95,4.8,0,2017,12
Latavius Murray,MIN,3.58,40,2.87,20,84,4.2,1,2017,12
Adrian Peterson,ARI,4.19,35,2.6,20,79,4,0,2017,12
Derrick Henry,TEN,3.67,76.92,3.32,13,79,6.1,0,2017,12
Todd Gurley,LAR,3.77,35.29,2.78,17,74,4.4,0,2017,12
Jamaal Williams,GB,3.92,19.05,2.69,21,66,3.1,1,2017,12
Melvin Gordon,LAC,5.81,33.33,2.82,21,65,3.1,0,2017,12
Marshawn Lynch,OAK,5.93,38.46,2.89,26,64,2.5,1,2017,12
Frank Gore,IND,3.61,29.41,2.5,17,62,3.6,1,2017,12
Alex Collins,BAL,4.71,56.25,2.9,16,60,3.8,1,2017,12
Lamar Miller,HOU,4.47,17.65,2.71,17,51,3,1,2017,12
Rex Burkhead,NE,3.72,38.46,2.48,13,50,3.8,1,2017,12
LeSean McCoy,BUF,6.14,27.27,2.98,22,49,2.2,0,2017,12
Carlos Hyde,SF,5.17,37.5,2.91,16,47,2.9,0,2017,12
Eddie Lacy,SEA,5.81,23.53,3.11,17,46,2.7,0,2017,12
Mark Ingram,NO,5.51,63.64,2.87,11,31,2.8,0,2017,12
Orleans Darkwa,NYG,4.8,45.45,2.45,11,30,2.7,0,2017,12
Jonathan Stewart,CAR,6.78,80,2.7,15,26,1.7,1,2017,12
Matt Forte,NYJ,4.7,10,2.99,10,25,2.5,0,2017,12
Leonard Fournette,JAX,6.08,58.33,2.55,12,25,2.1,0,2017,12
Jerick McKinnon,MIN,8.88,15.38,3.01,13,23,1.8,0,2017,12
Kareem Hunt,KC,8.42,--,2.67,11,17,1.5,0,2017,12
DeMarco Murray,TEN,18.39,58.33,2.89,12,9,0.8,1,2017,12
Alfred Morris,DAL,3.37,29.63,2.65,27,127,4.7,1,2017,13
Kenyan Drake,MIA,3.53,39.13,3.03,23,120,5.2,1,2017,13
Jamaal Williams,GB,2.81,19.05,2.77,21,113,5.4,1,2017,13
Derrick Henry,TEN,2.35,72.73,2.97,11,109,9.9,1,2017,13
Peyton Barber,TB,2.89,34.78,2.84,23,102,4.4,0,2017,13
Marshawn Lynch,OAK,3.15,29.41,2.65,17,101,5.9,1,2017,13
Kerwynn Williams,ARI,3,31.25,2.71,16,97,6.1,0,2017,13
LeSean McCoy,BUF,3.05,6.67,2.87,15,93,6.2,0,2017,13
Dion Lewis,NE,3.06,13.33,2.85,15,92,6.1,0,2017,13
Mark Ingram,NO,2.83,64.29,2.81,14,85,6.1,1,2017,13
Rex Burkhead,NE,2.92,25,2.76,12,78,6.5,2,2017,13
Melvin Gordon,LAC,4.27,21.05,2.87,19,77,4.1,0,2017,13
Giovani Bernard,CIN,2.77,7.69,2.37,13,77,5.9,0,2017,13
Le'Veon Bell,PIT,3.7,5.56,2.87,18,76,4.2,0,2017,13
Latavius Murray,MIN,3.43,56.25,2.96,16,76,4.8,0,2017,13
Alex Collins,BAL,3.83,33.33,2.95,15,75,5,2,2017,13
Devonta Freeman,ATL,3.77,16.67,2.78,12,74,6.2,0,2017,13
Todd Gurley,LAR,5.14,15.79,3.19,19,74,3.9,0,2017,13
C.J. Anderson,DEN,3.28,13.33,2.67,15,67,4.5,0,2017,13
DeMarco Murray,TEN,2.99,--,2.79,11,66,6,0,2017,13
Mike Davis,SEA,3.71,25,2.77,16,64,4,0,2017,13
Frank Gore,IND,3.15,23.08,2.22,13,61,4.7,0,2017,13
Matt Forte,NYJ,3.83,--,2.81,15,58,3.9,0,2017,13
Leonard Fournette,JAX,5.99,50,2.65,20,57,2.9,1,2017,13
Lamar Miller,HOU,3.64,13.33,2.81,15,56,3.7,0,2017,13
Carlos Hyde,SF,5.62,29.41,3.32,17,54,3.2,0,2017,13
Tion Green,DET,4.41,18.18,3.84,11,51,4.6,1,2017,13
Bilal Powell,NYJ,5.54,50,3.12,18,48,2.7,1,2017,13
Matt Breida,SF,4.67,8.33,2.88,12,45,3.8,0,2017,13
Jonathan Stewart,CAR,3.94,54.55,3.15,11,45,4.1,1,2017,13
Isaiah Crowell,CLE,3.59,10,2.74,10,41,4.1,0,2017,13
Samaje Perine,WAS,5.6,16.67,3.24,12,38,3.2,0,2017,13
Jordan Howard,CHI,6.68,30.77,3.53,13,38,2.9,0,2017,13
Orleans Darkwa,NYG,5.83,21.43,2.46,14,32,2.3,1,2017,13
Rod Smith,DAL,5.26,50,2.59,10,27,2.7,1,2017,13
LeSean McCoy,BUF,3.66,43.75,3.17,32,156,4.9,1,2017,14
Jordan Howard,CHI,3.31,34.78,3.19,23,147,6.4,2,2017,14
Frank Gore,IND,3.57,16.67,2.57,36,130,3.6,0,2017,14
Isaiah Crowell,CLE,2.61,36.84,2.6,19,121,6.4,0,2017,14
Alex Collins,BAL,3.09,38.89,2.64,18,120,6.7,1,2017,14
Kareem Hunt,KC,3.34,20,2.67,25,116,4.6,1,2017,14
Kenyan Drake,MIA,3.97,32,2.84,25,114,4.6,0,2017,14
Jonathan Stewart,CAR,2.58,75,2.81,16,103,6.4,3,2017,14
Leonard Fournette,JAX,4.19,62.5,2.86,24,101,4.2,1,2017,14
Todd Gurley,LAR,3.19,7.69,3.32,13,96,7.4,2,2017,14
Devonta Freeman,ATL,4.27,41.67,2.98,24,91,3.8,1,2017,14
Tarik Cohen,CHI,3.92,16.67,3.32,12,80,6.7,0,2017,14
Melvin Gordon,LAC,4.59,27.27,2.67,22,78,3.5,1,2017,14
Jay Ajayi,PHI,4.34,20,3.31,15,78,5.2,0,2017,14
Carlos Hyde,SF,3.54,21.43,2.81,14,78,5.6,1,2017,14
Kerwynn Williams,ARI,4.48,65,2.71,20,73,3.7,0,2017,14
Mike Davis,SEA,4.39,--,3.5,15,66,4.4,0,2017,14
Giovani Bernard,CIN,3.39,9.09,2.71,11,62,5.6,0,2017,14
Alfred Morris,DAL,5.65,42.11,2.95,19,62,3.3,0,2017,14
Wayne Gallman,NYG,3.35,16.67,2.39,12,59,4.9,0,2017,14
Peyton Barber,TB,3.39,16.67,2.9,12,58,4.8,0,2017,14
Lamar Miller,HOU,4.23,23.53,2.92,17,53,3.1,0,2017,14
Jamaal Williams,GB,3.84,33.33,2.48,15,49,3.3,1,2017,14
C.J. Anderson,DEN,6.03,54.55,2.97,22,48,2.2,0,2017,14
Le'Veon Bell,PIT,4.48,23.08,2.83,13,48,3.7,2,2017,14
Mark Ingram,NO,3.55,66.67,2.84,12,48,4,0,2017,14
Samaje Perine,WAS,5.41,17.65,2.89,17,45,2.6,0,2017,14
Bilal Powell,NYJ,6.31,30.77,3.1,13,35,2.7,0,2017,14
DeMarco Murray,TEN,6,45.45,3.26,11,34,3.1,0,2017,14
Theo Riddick,DET,5.14,--,2.96,10,29,2.9,2,2017,14
Orleans Darkwa,NYG,4.74,10,2.76,10,29,2.9,0,2017,14
Matt Breida,SF,6.47,33.33,2.66,12,27,2.3,0,2017,14
Doug Martin,TB,5.18,30,2.86,10,26,2.6,1,2017,14
C.J. Anderson,DEN,3.08,30,2.53,30,158,5.3,0,2017,15
Kareem Hunt,KC,2.92,--,2.85,24,155,6.5,1,2017,15
Todd Gurley,LAR,3.14,--,2.89,21,152,7.2,3,2017,15
Devonta Freeman,ATL,3.82,18.18,2.94,22,126,5.7,1,2017,15
Le'Veon Bell,PIT,3.89,29.17,3.53,24,117,4.9,1,2017,15
Melvin Gordon,LAC,3.09,15.79,2.6,19,78,4.1,1,2017,15
Kenyan Drake,MIA,3.81,25,3.14,16,78,4.9,1,2017,15
Marshawn Lynch,OAK,3.8,18.75,2.9,16,76,4.8,0,2017,15
Latavius Murray,MIN,3.95,30,2.8,20,76,3.8,1,2017,15
Mark Ingram,NO,2.56,33.33,2.74,12,74,6.2,2,2017,15
Javorius Allen,BAL,2.8,84.62,2.61,13,70,5.4,0,2017,15
Corey Grant,JAX,2.59,90,2.73,10,69,6.9,1,2017,15
Dion Lewis,NE,2.91,15.38,2.85,13,67,5.2,1,2017,15
Christian McCaffrey,CAR,3.46,25,2.7,12,63,5.3,0,2017,15
Alfred Morris,DAL,3.72,18.75,2.88,16,61,3.8,0,2017,15
Kerwynn Williams,ARI,3.61,17.65,2.34,17,61,3.6,0,2017,15
DeMarco Murray,TEN,3.79,16.67,2.39,18,59,3.3,0,2017,15
Alfred Blue,HOU,3.03,8.33,2.51,12,55,4.6,0,2017,15
Peyton Barber,TB,3.72,53.85,2.8,13,53,4.1,0,2017,15
LeSean McCoy,BUF,6.13,40,2.93,20,50,2.5,1,2017,15
Jay Ajayi,PHI,5.13,16.67,3.46,12,49,4.1,0,2017,15
Elijhaa Penny,ARI,2.94,20,2.12,10,45,4.5,0,2017,15
Malcolm Brown,LAR,3.05,--,2.23,10,45,4.5,0,2017,15
Bilal Powell,NYJ,5.55,76.92,3.44,13,44,3.4,1,2017,15
Alvin Kamara,NO,4.49,8.33,3.2,12,44,3.7,0,2017,15
Chris Ivory,JAX,6.24,35.29,2.74,17,42,2.5,0,2017,15
Devontae Booker,DEN,4.05,45.45,2.72,11,38,3.5,0,2017,15
Jordan Howard,CHI,5.23,20,3.38,10,37,3.7,0,2017,15
Samaje Perine,WAS,5.85,50,2.76,14,37,2.6,0,2017,15
Tion Green,DET,5.27,10,3.2,10,35,3.5,0,2017,15
Frank Gore,IND,3.91,10,2.39,10,31,3.1,0,2017,15
Giovani Bernard,CIN,6.25,28.57,2.87,14,30,2.1,1,2017,15
Jamaal Williams,GB,4.06,10,2.51,10,30,3,0,2017,15
Jonathan Stewart,CAR,6.05,72.73,3.06,11,27,2.5,0,2017,15
Carlos Hyde,SF,9.88,56.25,2.94,16,25,1.6,0,2017,15
Alex Collins,BAL,9.63,66.67,2.89,12,19,1.6,0,2017,15
Bilal Powell,NYJ,3.13,10.53,3.6,19,145,7.6,1,2017,16
Dion Lewis,NE,3.49,20.83,2.93,24,129,5.4,1,2017,16
Todd Gurley,LAR,3.09,9.09,2.75,22,118,5.4,0,2017,16
Giovani Bernard,CIN,3.25,21.74,2.48,23,116,5,1,2017,16
Alfred Blue,HOU,2.8,37.5,2.78,16,108,6.8,0,2017,16
Ezekiel Elliott,DAL,3.97,50,3.04,24,97,4,0,2017,16
Marshawn Lynch,OAK,4.04,76,2.87,25,95,3.8,0,2017,16
Kareem Hunt,KC,4.32,20.69,2.71,29,91,3.1,1,2017,16
C.J. Anderson,DEN,3.04,18.75,2.49,16,88,5.5,1,2017,16
Melvin Gordon,LAC,3.82,42.11,3.02,19,81,4.3,1,2017,16
Matt Breida,SF,3.49,45.45,2.84,11,74,6.7,1,2017,16
LeSean McCoy,BUF,4.43,35.29,2.96,17,71,4.2,0,2017,16
Latavius Murray,MIN,4.49,42.86,3.03,21,69,3.3,0,2017,16
Le'Veon Bell,PIT,3.32,7.14,2.99,14,69,4.9,1,2017,16
Frank Gore,IND,3.8,--,2.76,17,68,4,0,2017,16
Jamaal Williams,GB,3.23,13.33,2.89,15,58,3.9,0,2017,16
Kenyan Drake,MIA,3.18,15.38,2.59,13,57,4.4,0,2017,16
Lamar Miller,HOU,2.83,40,2.63,10,55,5.5,0,2017,16
Carlos Hyde,SF,6.01,42.86,2.5,21,54,2.6,1,2017,16
Samaje Perine,WAS,6.19,70.59,3.23,17,53,3.1,0,2017,16
Jay Ajayi,PHI,4.86,7.14,3.02,14,52,3.7,0,2017,16
Peyton Barber,TB,4.03,30.77,2.78,13,51,3.9,0,2017,16
Alex Collins,BAL,6.17,55.56,2.94,18,51,2.8,0,2017,16
Kerwynn Williams,ARI,4.53,43.75,2.77,16,51,3.2,0,2017,16
DeMarco Murray,TEN,4.86,40,3.12,15,48,3.2,1,2017,16
Leonard Fournette,JAX,4.78,16.67,2.51,18,48,2.7,1,2017,16
Jordan Howard,CHI,7.75,63.64,3.23,22,44,2,2,2017,16
Mark Ingram,NO,4.1,61.54,2.5,13,44,3.4,1,2017,16
Isaiah Crowell,CLE,3.67,8.33,2.85,12,44,3.7,0,2017,16
Devonta Freeman,ATL,5.8,27.27,2.74,11,36,3.3,0,2017,16
Alvin Kamara,NO,6.51,16.67,2.8,12,32,2.7,0,2017,16
Mike Davis,SEA,8.6,6.67,3.13,15,25,1.7,0,2017,16
Wayne Gallman,NYG,6.47,20,2.57,10,18,1.8,0,2017,16
Orleans Darkwa,NYG,2.19,45,2.26,20,154,7.7,1,2017,17
Latavius Murray,MIN,3.01,45,2.46,20,111,5.6,2,2017,17
Ezekiel Elliott,DAL,4.63,51.85,3.41,27,103,3.8,0,2017,17
Marshawn Lynch,OAK,2.96,31.58,2.6,19,101,5.3,0,2017,17
Frank Gore,IND,3.53,45.83,2.59,24,100,4.2,0,2017,17
Joe Mixon,CIN,3.3,5.56,3.18,18,96,5.3,0,2017,17
Melvin Gordon,LAC,2.94,29.41,2.38,17,93,5.5,0,2017,17
Dion Lewis,NE,4.49,38.46,2.7,26,93,3.6,1,2017,17
Carlos Hyde,SF,3.77,26.67,3.25,15,90,6,2,2017,17
Wayne Gallman,NYG,3.58,13.33,3.04,15,89,5.9,0,2017,17
Jamaal Williams,GB,3.52,9.09,2.91,22,82,3.7,0,2017,17
Stevan Ridley,PIT,3.64,82.35,2.65,17,80,4.7,1,2017,17
Alex Collins,BAL,4.93,15,3.57,20,78,3.9,1,2017,17
Kerwynn Williams,ARI,4.57,30.43,2.67,23,75,3.3,0,2017,17
Kenyan Drake,MIA,3.14,7.14,2.69,14,75,5.4,0,2017,17
Matt Breida,SF,3.69,8.33,2.87,12,72,6,0,2017,17
Peyton Barber,TB,3.89,17.65,2.7,17,71,4.2,1,2017,17
Leonard Fournette,JAX,3.83,31.58,2.71,19,69,3.6,0,2017,17
C.J. Anderson,DEN,4.26,16.67,2.69,18,61,3.4,0,2017,17
Malcolm Brown,LAR,3.88,--,2.83,14,54,3.9,0,2017,17
Giovani Bernard,CIN,3.18,10,3.15,10,52,5.2,0,2017,17
Derrick Henry,TEN,9.48,42.86,3.27,28,51,1.8,0,2017,17
Mike Davis,SEA,4.27,30,2.96,10,48,4.8,0,2017,17
Kapri Bibbs,WAS,4.33,8.33,2.72,12,47,3.9,0,2017,17
Bilal Powell,NYJ,5.42,15.38,3.42,13,46,3.5,0,2017,17
Jerick McKinnon,MIN,5.97,8.33,3.11,12,44,3.7,0,2017,17
Anthony Sherman,KC,4.46,14.29,2.58,14,40,2.9,1,2017,17
Alfred Blue,HOU,6.47,50,2.8,18,39,2.2,1,2017,17
Mark Ingram,NO,5.45,46.15,2.95,13,35,2.7,0,2017,17
Devonta Freeman,ATL,8.08,36.36,2.97,11,23,2.1,0,2017,17
Tevin Coleman,ATL,9.25,9.09,3.04,11,23,2.1,0,2017,17
Isaiah Crowell,CLE,8.51,53.33,2.47,15,21,1.4,0,2017,17
LeSean McCoy,BUF,19.21,63.64,3.47,11,10,0.9,0,2017,17
James Conner,PIT,3.53,51.61,3.02,31,135,4.4,2,2018,1
Todd Gurley,LAR,3.8,--,3.02,20,108,5.4,0,2018,1
Saquon Barkley,NYG,3.47,27.78,2.91,18,106,5.9,1,2018,1
Isaiah Crowell,NYJ,2.1,--,2.76,10,102,10.2,2,2018,1
Lamar Miller,HOU,3.44,15,2.8,20,98,4.9,0,2018,1
Adrian Peterson,WAS,4.67,50,3.04,26,96,3.7,1,2018,1
Joe Mixon,CIN,3.13,11.76,2.92,17,95,5.6,1,2018,1
Jordan Howard,CHI,3.27,--,2.88,15,82,5.5,0,2018,1
Dion Lewis,TEN,3.64,31.25,2.69,16,75,4.7,1,2018,1
Phillip Lindsay,DEN,3.15,40,2.41,15,71,4.7,0,2018,1
Royce Freeman,DEN,4.01,66.67,2.97,15,71,4.7,0,2018,1
Peyton Barber,TB,4.08,31.58,2.99,19,69,3.6,0,2018,1
Ezekiel Elliott,DAL,3.92,13.33,3.34,15,69,4.6,1,2018,1
Rex Burkhead,NE,4.31,22.22,2.68,18,64,3.6,0,2018,1
Melvin Gordon,LAC,3.88,20,2.83,15,64,4.3,0,2018,1
Carlos Hyde,CLE,5.6,22.73,3.22,22,62,2.8,1,2018,1
Jay Ajayi,PHI,3.41,33.33,2.65,15,62,4.1,2,2018,1
Bilal Powell,NYJ,3.83,25,3.16,12,60,5,0,2018,1
T.J. Yeldon,JAX,4.25,57.14,2.79,14,51,3.6,0,2018,1
Christian McCaffrey,CAR,3.22,30,2.77,10,50,5,0,2018,1
Kareem Hunt,KC,5.3,25,2.88,16,49,3.1,0,2018,1
Kenyan Drake,MIA,5.55,35.71,3.25,14,48,3.4,0,2018,1
Jamaal Williams,GB,4.69,20,2.75,15,47,3.1,0,2018,1
Matt Breida,SF,4.6,36.36,2.93,11,46,4.2,0,2018,1
Kenneth Dixon,BAL,4.03,61.54,2.54,13,44,3.4,1,2018,1
Latavius Murray,MIN,3.75,36.36,2.66,11,42,3.8,0,2018,1
Marshawn Lynch,OAK,4.67,18.18,2.58,11,41,3.7,1,2018,1
Jordan Wilkins,IND,5.63,21.43,2.89,14,40,2.9,0,2018,1
Dalvin Cook,MIN,6,6.25,2.62,16,40,2.5,0,2018,1
Alfred Morris,SF,4.42,33.33,2.48,12,38,3.2,0,2018,1
Derrick Henry,TEN,7.93,40,2.61,10,26,2.6,0,2018,1
Matt Breida,SF,2.45,--,2.75,11,138,12.5,1,2018,2
Phillip Lindsay,DEN,2.44,7.14,2.5,14,107,7.6,0,2018,2
Tevin Coleman,ATL,3.35,25,2.61,16,107,6.7,0,2018,2
Joe Mixon,CIN,4.52,38.1,3.06,21,84,4,0,2018,2
Ezekiel Elliott,DAL,4.02,29.41,3.06,17,78,4.6,1,2018,2
Austin Ekeler,LAC,3.2,27.27,3.12,11,77,7,0,2018,2
Kareem Hunt,KC,3.26,27.78,2.49,18,75,4.2,0,2018,2
Lamar Miller,HOU,3.6,21.43,2.72,14,68,4.9,0,2018,2
Marshawn Lynch,OAK,5.19,44.44,2.92,18,65,3.6,1,2018,2
Jordan Wilkins,IND,2.43,50,2.35,10,61,6.1,0,2018,2
Jamaal Williams,GB,3.98,--,2.44,16,59,3.7,0,2018,2
T.J. Yeldon,JAX,3.01,20,2.56,10,58,5.8,0,2018,2
Derrick Henry,TEN,5.18,27.78,2.94,18,56,3.1,0,2018,2
Kenyan Drake,MIA,4,--,2.78,11,53,4.8,1,2018,2
Alfred Morris,SF,4.71,35.71,2.45,14,48,3.4,0,2018,2
David Johnson,ARI,3.66,15.38,2.9,13,48,3.7,0,2018,2
Alvin Kamara,NO,4.16,69.23,2.5,13,46,3.5,0,2018,2
Malcolm Brown,LAR,4.15,75,2.88,12,46,3.8,0,2018,2
Carlos Hyde,CLE,5.15,31.25,2.76,16,43,2.7,1,2018,2
Dion Lewis,TEN,4.7,28.57,2.49,14,42,3,0,2018,2
Todd Gurley,LAR,5.62,52.63,3.07,19,42,2.2,3,2018,2
Dalvin Cook,MIN,4.64,20,2.81,10,38,3.8,0,2018,2
Jordan Howard,CHI,6.09,--,2.56,14,35,2.5,0,2018,2
Isaiah Crowell,NYJ,4.55,16.67,2.54,12,35,2.9,0,2018,2
Sony Michel,NE,4.67,--,2.59,10,34,3.4,0,2018,2
Marlon Mack,IND,4.57,10,3.1,10,34,3.4,0,2018,2
Rashaad Penny,SEA,5.77,--,2.82,10,30,3,0,2018,2
Saquon Barkley,NYG,6.39,18.18,3.21,11,28,2.5,0,2018,2
Peyton Barber,TB,9.03,31.25,2.59,16,22,1.4,0,2018,2
Adrian Peterson,WAS,8.82,--,3.28,11,20,1.8,0,2018,2
Christian McCaffrey,CAR,2.65,21.43,2.78,28,184,6.6,0,2018,3
Ezekiel Elliott,DAL,2.65,37.5,3.24,16,127,7.9,0,2018,3
Adrian Peterson,WAS,2.99,21.05,2.43,19,120,6.3,2,2018,3
Todd Gurley,LAR,3.44,--,2.66,23,105,4.6,1,2018,3
Chris Carson,SEA,5.65,12.5,3.35,32,102,3.2,1,2018,3
Kerryon Johnson,DET,2.83,--,2.72,16,101,6.3,0,2018,3
Carlos Hyde,CLE,3.73,30.43,2.9,23,98,4.3,2,2018,3
Matt Breida,SF,3.22,--,3.12,10,90,9,0,2018,3
Saquon Barkley,NYG,3.78,17.65,2.74,17,82,4.8,1,2018,3
Melvin Gordon,LAC,3.82,53.33,3.18,15,80,5.3,1,2018,3
Bilal Powell,NYJ,3.99,50,3.15,14,73,5.2,0,2018,3
Alex Collins,BAL,4.61,55.56,3.05,18,68,3.8,1,2018,3
Alfred Morris,SF,3.37,21.43,2.39,14,67,4.8,1,2018,3
Alvin Kamara,NO,4.06,12.5,2.43,16,66,4.1,0,2018,3
Marshawn Lynch,OAK,4.39,10.53,2.88,19,64,3.4,1,2018,3
James Conner,PIT,4.03,6.67,3.31,15,61,4.1,0,2018,3
Giovani Bernard,CIN,3.85,58.33,3.04,12,61,5.1,1,2018,3
Jordan Howard,CHI,5.05,41.67,2.76,24,61,2.5,1,2018,3
Derrick Henry,TEN,5.02,44.44,2.81,18,57,3.2,0,2018,3
Chris Ivory,BUF,5.64,40,2.73,20,56,2.8,0,2018,3
Wendell Smallwood,PHI,3.13,--,2.71,10,56,5.6,1,2018,3
Corey Clement,PHI,5.67,6.25,3.24,16,56,3.5,0,2018,3
Royce Freeman,DEN,4.04,61.54,2.84,13,53,4.1,1,2018,3
Sony Michel,NE,4.81,14.29,2.74,14,50,3.6,0,2018,3
LeGarrette Blount,DET,5.28,31.25,3.13,16,48,3,0,2018,3
Kareem Hunt,KC,6.48,11.11,2.54,18,44,2.4,2,2018,3
Isaiah Crowell,NYJ,8.19,37.5,3.35,16,34,2.1,2,2018,3
Tevin Coleman,ATL,8.95,20,3.36,15,33,2.2,0,2018,3
David Johnson,ARI,5.12,16.67,2.87,12,31,2.6,0,2018,3
Lamar Miller,HOU,12.19,10,2.48,10,10,1,0,2018,3
Ezekiel Elliott,DAL,2.78,32,2.57,25,152,6.1,0,2018,4
Alvin Kamara,NO,2.81,10.53,2.55,19,134,7.1,3,2018,4
Marshawn Lynch,OAK,2.96,25,2.94,20,130,6.5,0,2018,4
Kareem Hunt,KC,2.57,15.79,2.41,19,121,6.4,1,2018,4
Sony Michel,NE,3.96,24,2.94,25,112,4.5,1,2018,4
Melvin Gordon,LAC,3.31,33.33,3.14,15,104,6.9,0,2018,4
Mike Davis,SEA,3.85,19.05,2.99,21,101,4.8,2,2018,4
Todd Gurley,LAR,3.63,--,2.96,17,83,4.9,0,2018,4
Carlos Hyde,CLE,4.37,54.55,2.91,22,82,3.7,1,2018,4
David Johnson,ARI,4.54,36.36,2.73,22,71,3.2,1,2018,4
Jay Ajayi,PHI,4.29,--,2.87,15,70,4.7,0,2018,4
Giovani Bernard,CIN,3.13,13.33,2.68,15,69,4.6,2,2018,4
Phillip Lindsay,DEN,3.01,25,2.61,12,69,5.8,1,2018,4
Aaron Jones,GB,4.14,9.09,2.99,11,65,5.9,1,2018,4
Tarik Cohen,CHI,4.17,7.69,2.92,13,53,4.1,0,2018,4
T.J. Yeldon,JAX,5.4,5.56,2.85,18,52,2.9,1,2018,4
Tevin Coleman,ATL,4.62,28.57,2.68,14,51,3.6,0,2018,4
Lamar Miller,HOU,3.95,--,2.93,14,49,3.5,0,2018,4
Saquon Barkley,NYG,3.92,20,2.45,10,44,4.4,1,2018,4
Alex Collins,BAL,4.63,18.18,3.06,11,42,3.8,0,2018,4
Frank Gore,MIA,3.82,18.18,2.74,11,41,3.7,0,2018,4
Alfred Blue,HOU,5.65,7.69,2.81,13,31,2.4,0,2018,4
Javorius Allen,BAL,5.56,--,2.86,10,30,3,0,2018,4
Leonard Fournette,JAX,4.71,27.27,2.51,11,30,2.7,0,2018,4
Ronald Jones,TB,5.13,--,2.9,10,29,2.9,0,2018,4
Jamaal Williams,GB,5.87,--,3.25,11,27,2.5,0,2018,4
Jordan Howard,CHI,7.34,9.09,2.84,11,25,2.3,0,2018,4
Dalvin Cook,MIN,7.32,40,3.07,10,20,2,0,2018,4
Isaiah Crowell,NYJ,2.06,60,3.2,15,219,14.6,1,2018,5
Chris Carson,SEA,2.76,21.05,2.91,19,116,6.1,0,2018,5
James Conner,PIT,3.43,47.62,2.83,21,110,5.2,2,2018,5
Bilal Powell,NYJ,3.82,55,2.81,20,99,5,0,2018,5
Sony Michel,NE,3.36,22.22,2.89,18,98,5.4,1,2018,5
Joe Mixon,CIN,3.95,31.82,2.75,22,93,4.2,0,2018,5
Kareem Hunt,KC,4.05,--,2.97,22,87,4,1,2018,5
LeSean McCoy,BUF,4.62,41.67,2.71,24,85,3.5,0,2018,5
Mike Davis,SEA,2.56,25,2.79,12,78,6.5,1,2018,5
Todd Gurley,LAR,4.52,--,2.67,22,77,3.5,3,2018,5
Kerryon Johnson,DET,3.05,16.67,2.82,12,70,5.8,0,2018,5
Carlos Hyde,CLE,4.89,47.06,3.6,17,63,3.7,0,2018,5
Frank Gore,MIA,2.59,--,2.15,12,63,5.3,0,2018,5
Phillip Lindsay,DEN,3.87,16.67,2.78,12,61,5.1,0,2018,5
Alfred Morris,SF,4.49,55.56,2.8,18,61,3.4,0,2018,5
Alex Collins,BAL,4.61,25,3.37,12,59,4.9,0,2018,5
Melvin Gordon,LAC,5.49,15.79,3.02,19,58,3.1,1,2018,5
Christian McCaffrey,CAR,4.54,5.88,2.97,17,58,3.4,0,2018,5
Derrick Henry,TEN,3.54,9.09,3.08,11,56,5.1,0,2018,5
David Johnson,ARI,4.72,61.11,2.67,18,55,3.1,2,2018,5
Ezekiel Elliott,DAL,5.89,15,3.2,20,54,2.7,0,2018,5
T.J. Yeldon,JAX,3.74,10,2.82,10,53,5.3,0,2018,5
Mark Ingram,NO,4.84,37.5,2.53,16,53,3.3,2,2018,5
Saquon Barkley,NYG,5.09,26.67,3.46,15,48,3.2,0,2018,5
Alfred Blue,HOU,6.04,25,2.82,20,46,2.3,0,2018,5
Nyheim Hines,IND,4.1,13.33,2.8,15,45,3,0,2018,5
Chris Ivory,BUF,5.08,42.86,2.75,14,43,3.1,0,2018,5
Latavius Murray,MIN,3.49,9.09,2.75,11,42,3.8,0,2018,5
Dion Lewis,TEN,5.68,25,3.28,12,34,2.8,0,2018,5
LeGarrette Blount,DET,6.12,58.33,2.61,12,22,1.8,2,2018,5
Todd Gurley,LAR,2.69,10.71,2.75,28,208,7.4,2,2018,6
Latavius Murray,MIN,2.72,41.67,2.88,24,155,6.5,1,2018,6
Melvin Gordon,LAC,2.81,38.89,2.83,18,132,7.3,3,2018,6
Saquon Barkley,NYG,2.03,7.69,2.8,13,130,10,1,2018,6
James Conner,PIT,3.07,57.89,2.82,19,111,5.8,2,2018,6
Ezekiel Elliott,DAL,3.65,16.67,2.53,24,106,4.4,1,2018,6
Sony Michel,NE,3.31,29.17,2.52,24,106,4.4,2,2018,6
Frank Gore,MIA,2.45,6.67,2.39,15,101,6.7,0,2018,6
Adrian Peterson,WAS,3.45,11.76,2.77,17,97,5.7,0,2018,6
Marlon Mack,IND,2.33,8.33,2.56,12,89,7.4,0,2018,6
Raheem Mostert,SF,2.94,16.67,2.84,12,87,7.3,0,2018,6
Peyton Barber,TB,2.96,23.08,2.98,13,82,6.3,0,2018,6
Kareem Hunt,KC,2.31,10,2.67,10,80,8,0,2018,6
LeSean McCoy,BUF,3.69,25,3.02,16,73,4.6,0,2018,6
Jordan Howard,CHI,2.56,7.14,2.17,14,69,4.9,0,2018,6
Joe Mixon,CIN,2.76,--,2.48,11,64,5.8,1,2018,6
Matt Breida,SF,4.22,7.14,2.87,14,61,4.4,1,2018,6
Chris Carson,SEA,3.87,7.14,2.56,14,59,4.2,0,2018,6
Bilal Powell,NYJ,3.73,12.5,2.98,16,59,3.7,0,2018,6
Kenyan Drake,MIA,3.81,--,2.42,13,57,4.4,0,2018,6
David Johnson,ARI,4.94,22.22,2.73,18,54,3,1,2018,6
Alex Collins,BAL,6.26,36.84,3.2,19,54,2.8,2,2018,6
Wendell Smallwood,PHI,5.68,5.56,2.8,18,51,2.8,0,2018,6
Lamar Miller,HOU,5.49,13.33,2.93,15,46,3.1,0,2018,6
Marshawn Lynch,OAK,4.89,23.08,2.98,13,45,3.5,0,2018,6
Corey Clement,PHI,3.74,9.09,2.88,11,43,3.9,1,2018,6
Gus Edwards,BAL,3.53,10,2.63,10,42,4.2,0,2018,6
Isaiah Crowell,NYJ,5.02,7.69,3.02,13,40,3.1,0,2018,6
Tevin Coleman,ATL,6.5,30,3.49,10,35,3.5,0,2018,6
Carlos Hyde,CLE,6.75,14.29,3.42,14,34,2.4,0,2018,6
Ito Smith,ATL,8.03,27.27,3.16,11,22,2,1,2018,6
Kerryon Johnson,DET,2.55,26.32,3.16,19,158,8.3,0,2018,7
Marlon Mack,IND,2.57,42.11,2.78,19,126,6.6,1,2018,7
Lamar Miller,HOU,3.35,22.73,2.75,22,100,4.5,1,2018,7
Adrian Peterson,WAS,4.69,29.17,3.09,24,99,4.1,0,2018,7
Dion Lewis,TEN,3.11,--,2.95,13,91,7,0,2018,7
Phillip Lindsay,DEN,3.43,14.29,2.75,14,90,6.4,1,2018,7
Kareem Hunt,KC,3.99,6.67,3.04,15,86,5.7,1,2018,7
Chris Ivory,BUF,3.15,--,3.04,16,81,5.1,0,2018,7
Nick Chubb,CLE,3.57,11.11,2.86,18,80,4.4,1,2018,7
Latavius Murray,MIN,3.27,20,2.76,15,69,4.6,2,2018,7
Malcolm Brown,LAR,3.87,30.77,2.49,13,65,5,0,2018,7
Alvin Kamara,NO,4.25,5.88,2.62,17,64,3.8,1,2018,7
Todd Gurley,LAR,3.85,--,2.43,15,63,4.2,2,2018,7
Tevin Coleman,ATL,4.67,36.36,3.22,11,50,4.5,1,2018,7
Joe Mixon,CIN,5.84,--,3.13,13,50,3.8,0,2018,7
LeGarrette Blount,DET,3.25,30,2.58,10,50,5,1,2018,7
Saquon Barkley,NYG,5.84,28.57,3.23,14,43,3.1,1,2018,7
Austin Ekeler,LAC,5.12,25,2.8,12,42,3.5,0,2018,7
James White,NE,5.05,27.27,2.93,11,40,3.6,0,2018,7
Jordan Howard,CHI,3.77,33.33,2.46,12,39,3.3,1,2018,7
David Johnson,ARI,4.11,42.86,2.54,14,39,2.8,0,2018,7
Alex Collins,BAL,4.78,18.18,3.22,11,38,3.5,0,2018,7
Royce Freeman,DEN,5.44,76.92,3.25,13,37,2.8,1,2018,7
Kenjon Barner,NE,4.68,30,2.61,10,36,3.6,0,2018,7
Derrick Henry,TEN,4.54,--,2.35,12,33,2.8,1,2018,7
Ezekiel Elliott,DAL,7.24,26.67,2.99,15,33,2.2,0,2018,7
Mark Ingram,NO,4.56,33.33,2.52,12,32,2.7,0,2018,7
Peyton Barber,TB,5.06,36.36,3,11,30,2.7,0,2018,7
Frank Gore,MIA,4.13,--,2.36,10,29,2.9,0,2018,7
Isaiah Crowell,NYJ,5.79,36.36,2.52,11,29,2.6,0,2018,7
T.J. Yeldon,JAX,5.37,8.33,2.98,12,28,2.3,0,2018,7
Adrian Peterson,WAS,3.65,3.85,3.04,26,149,5.7,1,2018,8
James Conner,PIT,2.89,25,2.74,24,146,6.1,2,2018,8
Lamar Miller,HOU,2.38,22.22,2.72,18,133,7.4,1,2018,8
Marlon Mack,IND,3.43,24,2.7,25,132,5.3,2,2018,8
Joe Mixon,CIN,3.27,--,2.89,21,123,5.9,2,2018,8
Todd Gurley,LAR,3.75,12,2.72,25,114,4.6,0,2018,8
Chris Carson,SEA,3.98,12,2.96,25,105,4.2,1,2018,8
Phillip Lindsay,DEN,3.76,16.67,2.72,18,95,5.3,1,2018,8
Aaron Jones,GB,2.5,16.67,2.6,12,86,7.2,1,2018,8
Peyton Barber,TB,3.26,5.26,2.68,19,85,4.5,1,2018,8
Jordan Howard,CHI,3.39,--,2.53,22,81,3.7,1,2018,8
Nyheim Hines,IND,2.59,18.18,2.58,11,78,7.1,0,2018,8
Doug Martin,OAK,3.41,15.38,2.62,13,72,5.5,0,2018,8
Nick Chubb,CLE,4.76,5.56,3.2,18,65,3.6,0,2018,8
Mark Ingram,NO,3.48,38.46,2.56,13,63,4.8,0,2018,8
David Johnson,ARI,4.54,12.5,2.94,16,59,3.7,0,2018,8
Kenyan Drake,MIA,4.28,--,3.22,12,58,4.8,1,2018,8
Latavius Murray,MIN,3.44,23.08,2.58,13,56,4.3,1,2018,8
Frank Gore,MIA,3.89,--,2.89,12,53,4.4,0,2018,8
Kareem Hunt,KC,6.4,25,2.93,16,50,3.1,0,2018,8
Alex Collins,BAL,4.43,36.36,2.69,11,49,4.5,1,2018,8
Alvin Kamara,NO,4.59,23.08,2.33,13,45,3.5,1,2018,8
Christian McCaffrey,CAR,5.21,42.86,2.73,14,45,3.2,1,2018,8
Matt Breida,SF,6.87,43.75,2.86,16,42,2.6,0,2018,8
Alfred Blue,HOU,4.55,13.33,2.8,15,42,2.8,0,2018,8
Saquon Barkley,NYG,5.34,7.69,2.49,13,38,2.9,0,2018,8
Mike Davis,SEA,4.88,10,2.89,10,33,3.3,0,2018,8
Isaiah Crowell,NYJ,6.12,7.69,2.7,13,25,1.9,0,2018,8
LeSean McCoy,BUF,13.76,25,3.1,12,13,1.1,0,2018,8
Melvin Gordon,LAC,2.72,31.25,2.71,16,113,7.1,1,2018,9
James Conner,PIT,4.06,--,3.11,24,107,4.5,0,2018,9
Kareem Hunt,KC,3.27,23.53,2.96,17,91,5.4,2,2018,9
Dalvin Cook,MIN,2.35,10,2.74,10,89,8.9,0,2018,9
Tevin Coleman,ATL,3.37,23.08,2.48,13,88,6.8,0,2018,9
Nick Chubb,CLE,4.03,45.45,3.1,22,85,3.9,1,2018,9
Alvin Kamara,NO,4.41,57.89,2.94,19,82,4.3,2,2018,9
Christian McCaffrey,CAR,3.79,17.65,2.85,17,79,4.6,2,2018,9
Aaron Jones,GB,3.21,7.14,2.58,14,75,5.4,0,2018,9
Todd Gurley,LAR,3.3,7.69,2.83,13,68,5.2,1,2018,9
Phillip Lindsay,DEN,3.75,5.88,2.57,17,65,3.8,0,2018,9
Mike Davis,SEA,3.5,--,2.46,15,62,4.1,0,2018,9
Dion Lewis,TEN,5.05,26.32,3.19,19,62,3.3,0,2018,9
Ezekiel Elliott,DAL,4.57,41.18,2.73,17,61,3.6,0,2018,9
Ito Smith,ATL,3.33,30,2.63,10,60,6,1,2018,9
Frank Gore,MIA,4.63,5,2.64,20,53,2.7,0,2018,9
Doug Martin,OAK,3.74,--,2.82,11,49,4.5,0,2018,9
Isaiah Crowell,NYJ,4.69,23.08,3.17,13,49,3.8,0,2018,9
Jordan Howard,CHI,4.27,28.57,2.55,14,47,3.4,2,2018,9
Matt Breida,SF,6.11,33.33,2.99,12,44,3.7,0,2018,9
Alfred Blue,HOU,5.19,26.67,2.69,15,39,2.6,0,2018,9
Kerryon Johnson,DET,5.61,50,2.89,12,37,3.1,0,2018,9
Latavius Murray,MIN,4.76,40,2.99,10,31,3.1,1,2018,9
James White,NE,6.3,8.33,2.99,12,31,2.6,2,2018,9
Peyton Barber,TB,6.22,36.36,2.94,11,31,2.8,0,2018,9
Lamar Miller,HOU,7.99,58.33,2.73,12,21,1.8,0,2018,9
LeSean McCoy,BUF,12.05,10,2.56,10,10,1,0,2018,9
Nick Chubb,CLE,2.48,45,2.95,20,176,8.8,1,2018,10
Ezekiel Elliott,DAL,2.79,31.58,2.74,19,151,7.9,1,2018,10
Aaron Jones,GB,2.24,6.67,2.66,15,145,9.7,2,2018,10
Todd Gurley,LAR,2.81,6.25,2.76,16,120,7.5,1,2018,10
LeSean McCoy,BUF,4.06,11.54,3.05,26,113,4.3,2,2018,10
Rashaad Penny,SEA,2.39,41.67,2.81,12,108,9,1,2018,10
Mark Ingram,NO,2.48,7.69,2.44,13,104,8,0,2018,10
Matt Breida,SF,3.36,41.18,2.91,17,101,5.9,1,2018,10
David Johnson,ARI,3.1,19.05,2.37,21,98,4.7,1,2018,10
Melvin Gordon,LAC,4.46,11.11,3.04,18,93,5.2,0,2018,10
Frank Gore,MIA,2.39,--,2.54,13,90,6.9,0,2018,10
Christian McCaffrey,CAR,3,14.29,2.55,14,77,5.5,1,2018,10
Kareem Hunt,KC,4.62,18.75,2.75,16,71,4.4,0,2018,10
Marcus Murphy,BUF,3.77,14.29,2.56,14,69,4.9,0,2018,10
Adrian Peterson,WAS,6.14,5.26,3.33,19,68,3.6,0,2018,10
Saquon Barkley,NYG,4.79,25,3.18,20,67,3.4,0,2018,10
James Conner,PIT,3.5,23.08,3.17,13,65,5,1,2018,10
Peyton Barber,TB,4.3,30.77,3.11,13,61,4.7,0,2018,10
Doug Martin,OAK,3.9,--,2.5,15,61,4.1,0,2018,10
Joe Mixon,CIN,3.57,9.09,2.56,11,61,5.5,0,2018,10
Derrick Henry,TEN,3.27,63.64,2.76,11,58,5.3,2,2018,10
Mike Davis,SEA,3.16,18.18,2.72,11,58,5.3,0,2018,10
Dion Lewis,TEN,4.93,50,2.74,20,57,2.9,0,2018,10
Alvin Kamara,NO,4.38,--,2.7,12,56,4.7,2,2018,10
Leonard Fournette,JAX,6.76,50,2.71,24,53,2.2,1,2018,10
Kerryon Johnson,DET,4.38,7.14,2.95,14,51,3.6,1,2018,10
Dwayne Washington,NO,4.26,--,2.77,11,47,4.3,0,2018,10
Tevin Coleman,ATL,3.96,36.36,2.45,11,44,4,0,2018,10
Sony Michel,NE,4.3,36.36,2.4,11,31,2.8,0,2018,10
Marlon Mack,IND,5.14,33.33,2.8,12,29,2.4,0,2018,10
Jordan Howard,CHI,6.58,--,2.49,11,21,1.9,0,2018,10
Saquon Barkley,NYG,3.13,7.41,2.58,27,142,5.3,2,2018,11
David Johnson,ARI,3.65,16,2.88,25,137,5.5,0,2018,11
Ezekiel Elliott,DAL,3.31,26.09,2.94,23,122,5.3,1,2018,11
Gus Edwards,BAL,2.31,17.65,2.31,17,115,6.8,1,2018,11
Peyton Barber,TB,2.68,11.11,2.66,18,106,5.9,1,2018,11
Mark Ingram,NO,2.77,62.5,2.55,16,103,6.4,2,2018,11
Leonard Fournette,JAX,3.98,10.71,2.47,28,95,3.4,1,2018,11
Kerryon Johnson,DET,3.88,33.33,3.4,15,87,5.8,1,2018,11
Lamar Miller,HOU,3.86,50,2.72,20,86,4.3,0,2018,11
Chris Carson,SEA,2.81,23.53,2.56,17,83,4.9,1,2018,11
Phillip Lindsay,DEN,2.71,9.09,2.81,11,79,7.2,2,2018,11
Alvin Kamara,NO,3.48,7.69,2.67,13,71,5.5,0,2018,11
Kareem Hunt,KC,4,7.14,2.7,14,70,5,0,2018,11
Melvin Gordon,LAC,3.65,16.67,2.58,18,69,3.8,0,2018,11
Jordan Howard,CHI,3.88,5.56,2.6,18,63,3.5,0,2018,11
Jalen Richard,OAK,3.49,18.18,2.92,11,61,5.5,0,2018,11
Marlon Mack,IND,4.1,18.75,2.63,16,61,3.8,1,2018,11
Todd Gurley,LAR,4.45,--,2.87,12,55,4.6,0,2018,11
Christian McCaffrey,CAR,4.46,30.77,3.02,13,53,4.1,0,2018,11
Doug Martin,OAK,4.01,20,2.76,10,52,5.2,0,2018,11
Adrian Peterson,WAS,5.17,6.25,2.83,16,51,3.2,2,2018,11
Aaron Jones,GB,5.34,9.09,3.13,11,40,3.6,1,2018,11
DeAndre Washington,OAK,4.02,33.33,2.39,12,39,3.3,0,2018,11
Dion Lewis,TEN,5.43,10,2.52,10,24,2.4,0,2018,11
Joe Mixon,CIN,10.5,16.67,2.78,12,14,1.2,1,2018,11
Lamar Miller,HOU,1.83,25,2.76,12,162,13.5,1,2018,12
Sony Michel,NE,3.19,19.05,2.8,21,133,6.3,1,2018,12
Christian McCaffrey,CAR,2.81,23.53,2.45,17,125,7.4,1,2018,12
Ezekiel Elliott,DAL,3.77,26.92,2.82,26,121,4.7,1,2018,12
Gus Edwards,BAL,3.15,17.39,2.46,23,118,5.1,0,2018,12
Phillip Lindsay,DEN,2.8,7.14,2.5,14,110,7.9,1,2018,12
Matt Breida,SF,3.25,--,3.09,14,106,7.6,0,2018,12
Saquon Barkley,NYG,2.98,15.38,3.08,13,101,7.8,1,2018,12
Leonard Fournette,JAX,2.87,44.44,2.43,18,95,5.3,2,2018,12
Alvin Kamara,NO,3.33,28.57,2.8,14,89,6.4,0,2018,12
Joe Mixon,CIN,2.8,--,2.5,14,89,6.4,0,2018,12
LeGarrette Blount,DET,3.17,21.05,2.45,19,88,4.6,2,2018,12
Marlon Mack,IND,3.11,20,2.58,15,85,5.7,0,2018,12
Josh Adams,PHI,4.78,31.82,2.86,22,84,3.8,1,2018,12
Nick Chubb,CLE,4.77,46.43,2.83,28,84,3,1,2018,12
Aaron Jones,GB,3.52,11.76,2.33,17,72,4.2,1,2018,12
Frank Gore,MIA,3.23,14.29,2.84,14,67,4.8,0,2018,12
David Johnson,ARI,3.41,--,2.18,17,63,3.7,0,2018,12
Melvin Gordon,LAC,2.78,--,2.42,10,61,6.1,2,2018,12
Chris Carson,SEA,4.26,50,2.67,16,55,3.4,1,2018,12
James Conner,PIT,4.05,53.85,2.84,13,53,4.1,0,2018,12
Mark Ingram,NO,3.88,36.36,2.56,11,52,4.7,0,2018,12
Doug Martin,OAK,3.62,18.18,2.59,11,51,4.6,1,2018,12
Alfred Blue,HOU,3.84,23.08,2.8,13,49,3.8,0,2018,12
Peyton Barber,TB,5.04,16.67,2.96,18,47,2.6,1,2018,12
LeSean McCoy,BUF,5.05,--,2.83,17,46,2.7,0,2018,12
Adrian Peterson,WAS,5.94,16.67,3.16,12,35,2.9,0,2018,12
Latavius Murray,MIN,4.53,18.18,2.69,11,33,3,0,2018,12
Carlos Hyde,JAX,5.29,30,3.19,10,33,3.3,0,2018,12
Dalvin Cook,MIN,5.14,--,2.63,10,29,2.9,0,2018,12
Phillip Lindsay,DEN,2.78,5.26,2.82,19,157,8.3,2,2018,13
Todd Gurley,LAR,3.3,8.7,2.69,23,132,5.7,2,2018,13
Saquon Barkley,NYG,3.4,29.17,2.3,24,125,5.2,0,2018,13
Christian McCaffrey,CAR,2.23,--,2.78,10,106,10.6,0,2018,13
Lamar Miller,HOU,3.69,21.05,3.02,19,103,5.4,0,2018,13
Isaiah Crowell,NYJ,3.44,23.81,2.9,21,98,4.7,0,2018,13
Josh Adams,PHI,4.07,30,2.93,20,85,4.3,0,2018,13
Gus Edwards,BAL,3.13,19.05,2.56,21,82,3.9,0,2018,13
Joe Mixon,CIN,2.76,33.33,2.54,12,82,6.8,0,2018,13
Jordan Howard,CHI,3.17,12.5,2.29,16,76,4.8,0,2018,13
Ezekiel Elliott,DAL,4.24,17.39,2.82,23,75,3.3,0,2018,13
Chris Carson,SEA,3.6,23.08,2.85,13,69,5.3,0,2018,13
David Johnson,ARI,3.89,25,2.56,20,69,3.5,0,2018,13
Sony Michel,NE,4.24,35.29,2.65,17,63,3.7,0,2018,13
LeGarrette Blount,DET,3.97,43.75,2.65,16,61,3.8,0,2018,13
Jeff Wilson,SF,3.89,60,2.61,15,61,4.1,0,2018,13
Doug Martin,OAK,4.19,27.78,2.75,18,61,3.4,1,2018,13
James Conner,PIT,3.33,6.67,2.57,15,60,4,2,2018,13
Alfred Blue,HOU,3.89,38.46,2.59,13,54,4.2,0,2018,13
LeSean McCoy,BUF,4.41,13.33,2.9,15,52,3.5,0,2018,13
Royce Freeman,DEN,3.98,41.67,2.83,12,48,4,0,2018,13
Spencer Ware,KC,5.15,14.29,2.99,14,47,3.4,1,2018,13
Peyton Barber,TB,5.5,31.25,2.53,16,45,2.8,1,2018,13
Derrick Henry,TEN,4.88,30,3.28,10,40,4,1,2018,13
Aaron Jones,GB,5.51,27.27,2.71,11,36,3.3,1,2018,13
Alvin Kamara,NO,6.18,9.09,3.19,11,36,3.3,0,2018,13
Carlos Hyde,JAX,5.33,38.46,2.76,13,36,2.8,0,2018,13
Austin Ekeler,LAC,9.67,7.69,2.62,13,21,1.6,0,2018,13
Derrick Henry,TEN,2.17,23.53,3.11,17,238,14,4,2018,14
Saquon Barkley,NYG,2.32,57.14,2.9,14,170,12.1,1,2018,14
Ezekiel Elliott,DAL,4.33,28.57,2.95,28,113,4,0,2018,14
Joe Mixon,CIN,4.08,3.85,3.14,26,111,4.3,1,2018,14
Jordan Howard,CHI,2.59,26.32,2.36,19,101,5.3,0,2018,14
Frank Gore,MIA,2.22,33.33,2.21,12,92,7.7,0,2018,14
Jeff Wilson,SF,4.57,69.57,2.83,23,90,3.9,0,2018,14
Chris Carson,SEA,3.76,36.36,2.78,22,90,4.1,1,2018,14
Aaron Jones,GB,3.94,35.29,2.74,17,78,4.6,1,2018,14
Spencer Ware,KC,3.14,--,2.58,15,75,5,0,2018,14
Gus Edwards,BAL,3.04,25,2.18,16,67,4.2,0,2018,14
Nick Chubb,CLE,3.28,46.15,3.3,13,66,5.1,1,2018,14
Austin Ekeler,LAC,4.85,20,3.1,15,66,4.4,1,2018,14
Christian McCaffrey,CAR,3.54,6.25,2.84,16,63,3.9,2,2018,14
Ito Smith,ATL,3.04,--,2.72,11,60,5.5,0,2018,14
Elijah McGuire,NYJ,3.99,52.94,2.88,17,60,3.5,1,2018,14
Sony Michel,NE,4.76,40,2.55,20,57,2.9,0,2018,14
Dalvin Cook,MIN,4.3,30.77,3.14,13,55,4.2,0,2018,14
Zach Zenner,DET,3.27,75,2.79,12,54,4.5,1,2018,14
Mark Ingram,NO,4.11,15.38,2.85,13,52,4,1,2018,14
Alvin Kamara,NO,5,--,2.78,12,51,4.3,0,2018,14
David Johnson,ARI,4.06,6.67,2.7,15,49,3.3,0,2018,14
Tevin Coleman,ATL,4.14,--,2.64,10,45,4.5,0,2018,14
Chris Ivory,BUF,4.43,--,2.89,12,42,3.5,0,2018,14
Peyton Barber,TB,4.62,21.43,2.63,14,42,3,0,2018,14
Wayne Gallman,NYG,5.65,64.29,3.04,14,38,2.7,0,2018,14
Leonard Fournette,JAX,4.87,57.14,2.78,14,36,2.6,0,2018,14
Marlon Mack,IND,6.34,7.14,3.31,14,33,2.4,1,2018,14
Lamar Miller,HOU,5.52,14.29,2.61,14,33,2.4,1,2018,14
LeGarrette Blount,DET,5.11,58.33,3.24,12,33,2.8,0,2018,14
Doug Martin,OAK,6.12,18.75,2.74,16,32,2,1,2018,14
Phillip Lindsay,DEN,7.8,--,2.8,14,30,2.1,1,2018,14
Todd Gurley,LAR,6.6,--,2.93,11,28,2.5,0,2018,14
Jaylen Samuels,PIT,7.58,18.18,3.31,11,28,2.5,0,2018,14
Adrian Peterson,WAS,8.48,--,3.53,10,16,1.6,0,2018,14
Dion Lewis,TEN,10.8,60,2.92,10,13,1.3,0,2018,14
Derrick Henry,TEN,3.45,33.33,3.23,33,170,5.2,2,2018,15
Tevin Coleman,ATL,2.43,36.36,3.12,11,145,13.2,1,2018,15
Jaylen Samuels,PIT,3.07,10.53,3.02,19,142,7.5,0,2018,15
Marlon Mack,IND,3.14,40.74,2.73,27,139,5.1,2,2018,15
Dalvin Cook,MIN,2.94,36.84,3.07,19,136,7.2,2,2018,15
Joe Mixon,CIN,3.36,44.44,2.87,27,129,4.8,2,2018,15
Kalen Ballage,MIA,1.87,--,2.6,12,123,10.3,1,2018,15
Chris Carson,SEA,3.7,9.09,3.05,22,119,5.4,1,2018,15
Gus Edwards,BAL,2.69,--,2.35,19,104,5.5,1,2018,15
Nick Chubb,CLE,3.35,80,2.57,20,100,5,0,2018,15
Ezekiel Elliott,DAL,3.49,16.67,2.9,18,87,4.8,0,2018,15
Peyton Barber,TB,2.77,31.58,2.39,19,85,4.5,1,2018,15
Latavius Murray,MIN,3.44,46.67,2.73,15,68,4.5,1,2018,15
Alvin Kamara,NO,4.17,42.86,2.81,14,67,4.8,1,2018,15
Mark Ingram,NO,3.37,33.33,2.43,12,63,5.3,0,2018,15
Jordan Howard,CHI,3.95,5.26,2.69,19,60,3.2,1,2018,15
Sony Michel,NE,3.19,--,2.47,13,59,4.5,0,2018,15
Justin Jackson,LAC,3.7,37.5,2.62,16,58,3.6,1,2018,15
Jamaal Williams,GB,3.3,--,2.45,12,55,4.6,1,2018,15
Christian McCaffrey,CAR,4.12,20,2.54,15,53,3.5,0,2018,15
Adrian Peterson,WAS,5.41,21.05,2.83,19,51,2.7,0,2018,15
Matt Breida,SF,5.55,52.94,2.76,17,50,2.9,0,2018,15
Damien Williams,KC,3.34,--,2.32,10,49,4.9,2,2018,15
Wendell Smallwood,PHI,4.16,--,2.81,10,48,4.8,2,2018,15
Kenneth Dixon,BAL,3.61,--,2.92,11,48,4.4,0,2018,15
Todd Gurley,LAR,5.29,8.33,3.14,12,48,4,2,2018,15
Keith Ford,BUF,4.2,28.57,2.65,14,46,3.3,0,2018,15
Leonard Fournette,JAX,3.82,63.64,2.45,11,46,4.2,0,2018,15
Zach Zenner,DET,3.26,40,2.91,10,45,4.5,1,2018,15
Elijah McGuire,NYJ,5.65,5.56,2.7,18,42,2.3,1,2018,15
Marcus Murphy,BUF,4.21,--,2.56,11,35,3.2,0,2018,15
David Johnson,ARI,4.83,27.27,2.7,11,33,3,1,2018,15
Saquon Barkley,NYG,7.47,14.29,3.27,14,31,2.2,0,2018,15
Josh Adams,PHI,6.7,13.33,2.93,15,28,1.9,1,2018,15
Phillip Lindsay,DEN,8.45,14.29,2.46,14,24,1.7,0,2018,15
C.J. Anderson,LAR,2.22,55,2.34,20,167,8.4,1,2018,16
Adrian Peterson,WAS,3.29,23.08,2.6,26,119,4.6,0,2018,16
Chris Carson,SEA,3.83,22.22,2.68,27,116,4.3,2,2018,16
Sony Michel,NE,2.95,55.56,2.76,18,116,6.4,1,2018,16
Nick Chubb,CLE,3.27,10.53,2.88,19,112,5.9,0,2018,16
Doug Martin,OAK,3.23,57.14,2.83,21,107,5.1,1,2018,16
Damien Williams,KC,3.03,15.38,2.57,13,103,7.9,0,2018,16
Christian McCaffrey,CAR,3.62,23.81,2.78,21,101,4.8,0,2018,16
Jamaal Williams,GB,3.35,--,2.82,15,95,6.3,1,2018,16
Gus Edwards,BAL,2.39,--,2.45,14,92,6.6,0,2018,16
Ezekiel Elliott,DAL,3.57,11.11,2.78,18,85,4.7,0,2018,16
Derrick Henry,TEN,4.31,61.9,2.7,21,84,4,1,2018,16
Dalvin Cook,MIN,4.12,12.5,2.85,16,73,4.6,0,2018,16
Joe Mixon,CIN,3.58,5.88,2.63,17,68,4,0,2018,16
Jordan Howard,CHI,3.11,--,2.21,13,53,4.1,1,2018,16
Jaylen Samuels,PIT,4.07,--,2.94,12,53,4.4,0,2018,16
Tevin Coleman,ATL,3.64,40,2.91,10,51,5.1,0,2018,16
Phillip Lindsay,DEN,4.12,30,2.74,10,46,4.6,0,2018,16
Peyton Barber,TB,5.73,17.65,2.92,17,43,2.5,0,2018,16
Saquon Barkley,NYG,6.96,33.33,3.22,21,43,2,1,2018,16
Leonard Fournette,JAX,7.05,16.67,3.02,18,43,2.4,1,2018,16
Melvin Gordon,LAC,4.3,16.67,2.58,12,41,3.4,1,2018,16
John Kelly,LAR,3.91,100,2.89,10,40,4,0,2018,16
Rex Burkhead,NE,5.57,76.92,3.04,13,39,3,0,2018,16
Elijah McGuire,NYJ,6.21,7.14,3.11,14,35,2.5,1,2018,16
David Johnson,ARI,4.1,30,2.73,10,35,3.5,0,2018,16
Mark Ingram,NO,4.59,27.27,2.61,11,35,3.2,1,2018,16
Marlon Mack,IND,5.31,16.67,2.88,12,34,2.8,1,2018,16
LeGarrette Blount,DET,4.81,54.55,2.63,11,29,2.6,0,2018,16
Jeff Wilson,SF,6.51,9.09,2.87,11,27,2.5,0,2018,16
Josh Adams,PHI,7.28,--,2.69,11,21,1.9,0,2018,16
C.J. Anderson,LAR,2.95,--,2.37,23,132,5.7,1,2018,17
Chris Carson,SEA,3.09,47.37,2.99,19,122,6.4,1,2018,17
Marlon Mack,IND,3.5,20,2.89,25,119,4.8,1,2018,17
Kenneth Dixon,BAL,2.27,8.33,2.88,12,117,9.8,0,2018,17
Alfred Morris,SF,2.99,18.75,2.8,16,111,6.9,1,2018,17
Saquon Barkley,NYG,3.09,29.41,3.56,17,109,6.4,1,2018,17
Jordan Howard,CHI,3.19,23.81,2.73,21,109,5.2,2,2018,17
Dwayne Washington,NO,2.53,36.36,2.63,11,108,9.8,0,2018,17
Joe Mixon,CIN,2.52,--,2.73,13,105,8.1,0,2018,17
Doug Martin,OAK,3.53,33.33,2.89,21,100,4.8,0,2018,17
Zach Zenner,DET,3.24,23.81,2.87,21,93,4.4,1,2018,17
Derrick Henry,TEN,3.49,25,2.97,16,93,5.8,0,2018,17
Gus Edwards,BAL,2.43,8.33,2.49,12,76,6.3,0,2018,17
Peyton Barber,TB,3.5,26.67,2.87,15,66,4.4,0,2018,17
James Conner,PIT,3.51,--,2.68,14,64,4.6,0,2018,17
David Johnson,ARI,3.6,29.41,2.7,17,62,3.6,0,2018,17
Royce Freeman,DEN,4.37,5.88,2.74,17,60,3.5,0,2018,17
Lamar Miller,HOU,3.72,29.41,2.58,17,56,3.3,1,2018,17
Cameron Artis-Payne,CAR,4.63,31.25,2.85,16,56,3.5,1,2018,17
Wendell Smallwood,PHI,3.23,33.33,2.7,12,53,4.4,0,2018,17
Damien Williams,KC,3.78,27.27,2.67,11,51,4.6,1,2018,17
Josh Adams,PHI,3.72,18.18,2.89,11,50,4.5,0,2018,17
Sony Michel,NE,4.52,35.71,2.8,14,50,3.6,0,2018,17
Kalen Ballage,MIA,3.15,8.33,2.51,12,47,3.9,0,2018,17
Chris Ivory,BUF,4.46,21.43,3.04,14,45,3.2,0,2018,17
Kenyan Drake,MIA,4.27,18.18,2.91,11,43,3.9,0,2018,17
Melvin Gordon,LAC,3.62,60,2.29,10,42,4.2,0,2018,17
Elijah McGuire,NYJ,8.39,50,3.46,18,41,2.3,0,2018,17
Dalvin Cook,MIN,5.19,18.18,2.66,11,39,3.5,0,2018,17
Rod Smith,DAL,4.48,25,2.63,12,35,2.9,1,2018,17
Darrel Williams,KC,6.22,--,3.29,11,31,2.8,0,2018,17
John Kelly,LAR,7.76,13.33,2.87,15,30,2,0,2018,17
LeSean McCoy,BUF,8.33,10,3.66,10,26,2.6,1,2018,17
Travaris Cadet,CAR,7.11,45.45,2.76,11,17,1.5,0,2018,17
LeGarrette Blount,DET,8.2,27.27,2.82,11,15,1.4,0,2018,17
Carlos Hyde,JAX,9.62,10,2.83,10,13,1.3,0,2018,17
